"dataset_id","variable_count","year_label","year_start","year_end","region","dataset_type","cycle_label","is_supplement","supplement_type","is_bootstrap"
"CCHS2000_01",614,"2000",2000,2000,"National","Other","Unknown",FALSE,"-",FALSE
"CCHS2001_INC_VARS",8,"2001",2001,2001,"National","Income","Unknown",FALSE,"-",FALSE
"CCHS2001_ONT_LINK_11",1089,"2001",2001,2001,"Ontario","Linked","Cycle 1.1 (2001)",FALSE,"-",FALSE
"CCHS2001_ONT_LINK_11_PB",1089,"2001",2001,2001,"Ontario","Linked","Cycle 1.1 (2001)",TRUE,"Postal code",FALSE
"CCHS2001_ONT_LINK_BOOT_11",502,"2001",2001,2001,"Ontario","Linked","Cycle 1.1 (2001)",FALSE,"-",TRUE
"CCHS2001_ONT_SHARE_11",995,"2001",2001,2001,"Ontario","Share","Cycle 1.1 (2001)",FALSE,"-",FALSE
"CCHS2001_ONT_SHARE_BOOT_11",502,"2001",2001,2001,"Ontario","Share","Cycle 1.1 (2001)",FALSE,"-",TRUE
"CCHS2001_PUBLIC_11",614,"2001",2001,2001,"National","Public","Cycle 1.1 (2001)",FALSE,"-",FALSE
"CCHS2002_ONT_LINK_12",2093,"2002",2002,2002,"Ontario","Linked","Cycle 1.2 (2002)",FALSE,"-",FALSE
"CCHS2002_ONT_LINK_12_PB",2095,"2002",2002,2002,"Ontario","Linked","Cycle 1.2 (2002)",TRUE,"Postal code",FALSE
"CCHS2002_ONT_LINK_BOOT_12",502,"2002",2002,2002,"Ontario","Linked","Cycle 1.2 (2002)",FALSE,"-",TRUE
"CCHS2002_ONT_SHARE_12",2087,"2002",2002,2002,"Ontario","Share","Cycle 1.2 (2002)",FALSE,"-",FALSE
"CCHS2002_ONT_SHARE_12_LEVEL1",5,"2002",2002,2002,"Ontario","Share","Cycle 1.2 (2002)",TRUE,"Level 1 geography",FALSE
"CCHS2002_ONT_SHARE_BOOT_12",502,"2002",2002,2002,"Ontario","Share","Cycle 1.2 (2002)",FALSE,"-",TRUE
"CCHS2003_INC_VARS",8,"2003",2003,2003,"National","Income","Unknown",FALSE,"-",FALSE
"CCHS2003_ONT_LINK_21",1793,"2003",2003,2003,"Ontario","Linked","Cycle 2.1 (2003)",FALSE,"-",FALSE
"CCHS2003_ONT_LINK_21_PB",1795,"2003",2003,2003,"Ontario","Linked","Cycle 2.1 (2003)",TRUE,"Postal code",FALSE
"CCHS2003_ONT_LINK_BOOT_21",502,"2003",2003,2003,"Ontario","Linked","Cycle 2.1 (2003)",FALSE,"-",TRUE
"CCHS2003_ONT_SHARE_21",1399,"2003",2003,2003,"Ontario","Share","Cycle 2.1 (2003)",FALSE,"-",FALSE
"CCHS2003_ONT_SHARE_21_LEVEL1",5,"2003",2003,2003,"Ontario","Share","Cycle 2.1 (2003)",TRUE,"Level 1 geography",FALSE
"CCHS2003_ONT_SHARE_BOOT_21",502,"2003",2003,2003,"Ontario","Share","Cycle 2.1 (2003)",FALSE,"-",TRUE
"CCHS2004_CAN_SHARE_22",538,"2004",2004,2004,"Canada","Share","Cycle 2.2 (2004)",FALSE,"-",FALSE
"CCHS2004_CAN_SHARE_22_BOOT_HH",503,"2004",2004,2004,"Canada","Share","Cycle 2.2 (2004)",TRUE,"Household weights",TRUE
"CCHS2004_CAN_SHARE_22_BOOT_HS",503,"2004",2004,2004,"Canada","Share","Cycle 2.2 (2004)",FALSE,"-",TRUE
"CCHS2004_CAN_SHARE_22_BOOT_HW",503,"2004",2004,2004,"Canada","Share","Cycle 2.2 (2004)",FALSE,"-",TRUE
"CCHS2004_CAN_SHARE_22_CFG",5,"2004",2004,2004,"Canada","Share","Cycle 2.2 (2004)",TRUE,"Configuration",FALSE
"CCHS2004_CAN_SHARE_22_FDC",43,"2004",2004,2004,"Canada","Share","Cycle 2.2 (2004)",TRUE,"Food description codes",FALSE
"CCHS2004_CAN_SHARE_22_FID",58,"2004",2004,2004,"Canada","Share","Cycle 2.2 (2004)",TRUE,"Food identification",FALSE
"CCHS2004_CAN_SHARE_22_FRL",58,"2004",2004,2004,"Canada","Share","Cycle 2.2 (2004)",TRUE,"Food recipe links",FALSE
"CCHS2004_CAN_SHARE_22_HHWT",3,"2004",2004,2004,"Canada","Share","Cycle 2.2 (2004)",TRUE,"Household weights",FALSE
"CCHS2004_CAN_SHARE_22_R24",61,"2004",2004,2004,"Canada","Share","Cycle 2.2 (2004)",TRUE,"24-hour recall",FALSE
"CCHS2004_CAN_SHARE_22_SIDE",542,"2004",2004,2004,"Canada","Share","Cycle 2.2 (2004)",TRUE,"Side dish",FALSE
"CCHS2004_CAN_SHARE_22_VDC",32,"2004",2004,2004,"Canada","Share","Cycle 2.2 (2004)",TRUE,"Variable description codes",FALSE
"CCHS2004_CAN_SHARE_22_VMD",36,"2004",2004,2004,"Canada","Share","Cycle 2.2 (2004)",TRUE,"Variable metadata",FALSE
"CCHS2004_CAN_SHARE_22_VSD",26,"2004",2004,2004,"Canada","Share","Cycle 2.2 (2004)",TRUE,"Variable summary data",FALSE
"CCHS2004_ONT_LINK_22",542,"2004",2004,2004,"Ontario","Linked","Cycle 2.2 (2004)",FALSE,"-",FALSE
"CCHS2004_ONT_LINK_22_BOOT",505,"2004",2004,2004,"Ontario","Linked","Cycle 2.2 (2004)",FALSE,"-",TRUE
"CCHS2004_ONT_SHARE_22",538,"2004",2004,2004,"Ontario","Share","Cycle 2.2 (2004)",FALSE,"-",FALSE
"CCHS2004_ONT_SHARE_22_BOOT_HH",503,"2004",2004,2004,"Ontario","Share","Cycle 2.2 (2004)",TRUE,"Household weights",TRUE
"CCHS2004_ONT_SHARE_22_BOOT_HS",503,"2004",2004,2004,"Ontario","Share","Cycle 2.2 (2004)",FALSE,"-",TRUE
"CCHS2004_ONT_SHARE_22_BOOT_HW",503,"2004",2004,2004,"Ontario","Share","Cycle 2.2 (2004)",FALSE,"-",TRUE
"CCHS2004_ONT_SHARE_22_HHWT",3,"2004",2004,2004,"Ontario","Share","Cycle 2.2 (2004)",TRUE,"Household weights",FALSE
"CCHS2005_INC_IMP",9,"2005",2005,2005,"National","Income","Unknown",FALSE,"-",FALSE
"CCHS2005_INC_IMP_LINK",10,"2005",2005,2005,"National","Linked","Unknown",FALSE,"-",FALSE
"CCHS2005_ONT_LINK_31",1084,"2005",2005,2005,"Ontario","Linked","Cycle 3.1 (2005)",FALSE,"-",FALSE
"CCHS2005_ONT_LINK_31_PB",1086,"2005",2005,2005,"Ontario","Linked","Cycle 3.1 (2005)",TRUE,"Postal code",FALSE
"CCHS2005_ONT_LINK_BOOT_31",503,"2005",2005,2005,"Ontario","Linked","Cycle 3.1 (2005)",FALSE,"-",TRUE
"CCHS2005_ONT_SHARE_31",1081,"2005",2005,2005,"Ontario","Share","Cycle 3.1 (2005)",FALSE,"-",FALSE
"CCHS2005_ONT_SHARE_31_LEVEL1",5,"2005",2005,2005,"Ontario","Share","Cycle 3.1 (2005)",TRUE,"Level 1 geography",FALSE
"CCHS2005_ONT_SHARE_31_SUB1",941,"2005",2005,2005,"Ontario","Share","Cycle 3.1 (2005)",TRUE,"Sub-sample 1",FALSE
"CCHS2005_ONT_SHARE_31_SUB1_LVL1",5,"2005",2005,2005,"Ontario","Share","Cycle 3.1 (2005)",TRUE,"Sub-sample 1; Level 1 geography",FALSE
"CCHS2005_ONT_SHARE_31_SUB3",1137,"2005",2005,2005,"Ontario","Share","Cycle 3.1 (2005)",TRUE,"Sub-sample 3",FALSE
"CCHS2005_ONT_SHARE_31_SUB3_LVL1",5,"2005",2005,2005,"Ontario","Share","Cycle 3.1 (2005)",TRUE,"Sub-sample 3; Level 1 geography",FALSE
"CCHS2005_ONT_SHARE_BOOT_31",502,"2005",2005,2005,"Ontario","Share","Cycle 3.1 (2005)",FALSE,"-",TRUE
"CCHS2005_ONT_SHARE_BOOT_31_SUB1",502,"2005",2005,2005,"Ontario","Share","Cycle 3.1 (2005)",TRUE,"Sub-sample 1",TRUE
"CCHS2005_ONT_SHARE_BOOT_31_SUB3",502,"2005",2005,2005,"Ontario","Share","Cycle 3.1 (2005)",TRUE,"Sub-sample 3",TRUE
"CCHS200708_INC_IMP",9,"2007-2008",2007,2008,"National","Income","Annual",FALSE,"-",FALSE
"CCHS200708_INC_IMP_LINK",10,"2007-2008",2007,2008,"National","Linked","Annual",FALSE,"-",FALSE
"CCHS200708_ONT_LINK",977,"2007-2008",2007,2008,"Ontario","Linked","Annual",FALSE,"-",FALSE
"CCHS200708_ONT_LINK_BOOT",503,"2007-2008",2007,2008,"Ontario","Linked","Annual",FALSE,"-",TRUE
"CCHS200708_ONT_LINK_BOOT_LHIN",503,"2007-2008",2007,2008,"Ontario","Linked","Annual",TRUE,"LHIN geography",TRUE
"CCHS200708_ONT_LINK_LHIN",3,"2007-2008",2007,2008,"Ontario","Linked","Annual",TRUE,"LHIN geography",FALSE
"CCHS200708_ONT_LINK_PB",979,"2007-2008",2007,2008,"Ontario","Linked","Annual",TRUE,"Postal code",FALSE
"CCHS200708_ONT_SHARE",970,"2007-2008",2007,2008,"Ontario","Share","Annual",FALSE,"-",FALSE
"CCHS200708_ONT_SHARE_BOOT",502,"2007-2008",2007,2008,"Ontario","Share","Annual",FALSE,"-",TRUE
"CCHS200708_ONT_SHARE_BOOT_HH",502,"2007-2008",2007,2008,"Ontario","Share","Annual",TRUE,"Household weights",TRUE
"CCHS200708_ONT_SHARE_BOOT_LHIN",502,"2007-2008",2007,2008,"Ontario","Share","Annual",TRUE,"LHIN geography",TRUE
"CCHS200708_ONT_SHARE_HH",2,"2007-2008",2007,2008,"Ontario","Share","Annual",TRUE,"Household weights",FALSE
"CCHS200708_ONT_SHARE_LEVEL1",5,"2007-2008",2007,2008,"Ontario","Share","Annual",TRUE,"Level 1 geography",FALSE
"CCHS200708_ONT_SHARE_LHIN",2,"2007-2008",2007,2008,"Ontario","Share","Annual",TRUE,"LHIN geography",FALSE
"CCHS2007_INC_IMP",9,"2007",2007,2007,"National","Income","Annual",FALSE,"-",FALSE
"CCHS2007_ONT_SHARE",1286,"2007",2007,2007,"Ontario","Share","Annual",FALSE,"-",FALSE
"CCHS2007_ONT_SHARE_BOOT",502,"2007",2007,2007,"Ontario","Share","Annual",FALSE,"-",TRUE
"CCHS2007_ONT_SHARE_BOOT_HH",502,"2007",2007,2007,"Ontario","Share","Annual",TRUE,"Household weights",TRUE
"CCHS2007_ONT_SHARE_BOOT_LHIN",502,"2007",2007,2007,"Ontario","Share","Annual",TRUE,"LHIN geography",TRUE
"CCHS2007_ONT_SHARE_LEVEL1",5,"2007",2007,2007,"Ontario","Share","Annual",TRUE,"Level 1 geography",FALSE
"CCHS200809_HA",1016,"2008-2009",2008,2009,"Health Authority","Other","Annual",FALSE,"-",FALSE
"CCHS200809_HA_BOOT",503,"2008-2009",2008,2009,"Health Authority","Other","Annual",FALSE,"-",TRUE
"CCHS200809_HA_COG",1117,"2008-2009",2008,2009,"Health Authority","Other","Annual",TRUE,"Cognition module",FALSE
"CCHS200809_HA_COG_BOOT",503,"2008-2009",2008,2009,"Health Authority","Other","Annual",TRUE,"Cognition module",TRUE
"CCHS200809_HA_COG_LEVEL1",1120,"2008-2009",2008,2009,"Health Authority","Other","Annual",TRUE,"Level 1 geography; Cognition module",FALSE
"CCHS200809_HA_LEVEL1",1019,"2008-2009",2008,2009,"Health Authority","Other","Annual",TRUE,"Level 1 geography",FALSE
"CCHS200809_HA_LINK",5,"2008-2009",2008,2009,"Health Authority","Linked","Annual",FALSE,"-",FALSE
"CCHS2008_INC_IMP",9,"2008",2008,2008,"National","Income","Annual",FALSE,"-",FALSE
"CCHS2008_ONT_SHARE",1062,"2008",2008,2008,"Ontario","Share","Annual",FALSE,"-",FALSE
"CCHS2008_ONT_SHARE_BOOT",502,"2008",2008,2008,"Ontario","Share","Annual",FALSE,"-",TRUE
"CCHS2008_ONT_SHARE_BOOT_HH",502,"2008",2008,2008,"Ontario","Share","Annual",TRUE,"Household weights",TRUE
"CCHS2008_ONT_SHARE_BOOT_LHIN",502,"2008",2008,2008,"Ontario","Share","Annual",TRUE,"LHIN geography",TRUE
"CCHS2008_ONT_SHARE_HH",2,"2008",2008,2008,"Ontario","Share","Annual",TRUE,"Household weights",FALSE
"CCHS2008_ONT_SHARE_LEVEL1",5,"2008",2008,2008,"Ontario","Share","Annual",TRUE,"Level 1 geography",FALSE
"CCHS2008_ONT_SHARE_LHIN",2,"2008",2008,2008,"Ontario","Share","Annual",TRUE,"LHIN geography",FALSE
"CCHS200910_INC_IMP",9,"2009-2010",2009,2010,"National","Income","Annual",FALSE,"-",FALSE
"CCHS200910_INC_IMP_LINK",10,"2009-2010",2009,2010,"National","Linked","Annual",FALSE,"-",FALSE
"CCHS200910_ONT_LINK",1282,"2009-2010",2009,2010,"Ontario","Linked","Annual",FALSE,"-",FALSE
"CCHS200910_ONT_LINK_BOOT",503,"2009-2010",2009,2010,"Ontario","Linked","Annual",FALSE,"-",TRUE
"CCHS200910_ONT_LINK_BOOT_LHIN",503,"2009-2010",2009,2010,"Ontario","Linked","Annual",TRUE,"LHIN geography",TRUE
"CCHS200910_ONT_LINK_LHIN",3,"2009-2010",2009,2010,"Ontario","Linked","Annual",TRUE,"LHIN geography",FALSE
"CCHS200910_ONT_LINK_PB",1284,"2009-2010",2009,2010,"Ontario","Linked","Annual",TRUE,"Postal code",FALSE
"CCHS200910_ONT_SHARE",1275,"2009-2010",2009,2010,"Ontario","Share","Annual",FALSE,"-",FALSE
"CCHS200910_ONT_SHARE_BOOT",502,"2009-2010",2009,2010,"Ontario","Share","Annual",FALSE,"-",TRUE
"CCHS200910_ONT_SHARE_BOOT_HH",502,"2009-2010",2009,2010,"Ontario","Share","Annual",TRUE,"Household weights",TRUE
"CCHS200910_ONT_SHARE_BOOT_LHIN",502,"2009-2010",2009,2010,"Ontario","Share","Annual",TRUE,"LHIN geography",TRUE
"CCHS200910_ONT_SHARE_HH",2,"2009-2010",2009,2010,"Ontario","Share","Annual",TRUE,"Household weights",FALSE
"CCHS200910_ONT_SHARE_LEVEL1",5,"2009-2010",2009,2010,"Ontario","Share","Annual",TRUE,"Level 1 geography",FALSE
"CCHS200910_ONT_SHARE_LHIN",2,"2009-2010",2009,2010,"Ontario","Share","Annual",TRUE,"LHIN geography",FALSE
"CCHS2009_INC_IMP",9,"2009",2009,2009,"National","Income","Annual",FALSE,"-",FALSE
"CCHS2009_ONT_SHARE",1275,"2009",2009,2009,"Ontario","Share","Annual",FALSE,"-",FALSE
"CCHS2009_ONT_SHARE_BOOT",502,"2009",2009,2009,"Ontario","Share","Annual",FALSE,"-",TRUE
"CCHS2009_ONT_SHARE_BOOT_HH",502,"2009",2009,2009,"Ontario","Share","Annual",TRUE,"Household weights",TRUE
"CCHS2009_ONT_SHARE_BOOT_LHIN",502,"2009",2009,2009,"Ontario","Share","Annual",TRUE,"LHIN geography",TRUE
"CCHS2009_ONT_SHARE_HH",2,"2009",2009,2009,"Ontario","Share","Annual",TRUE,"Household weights",FALSE
"CCHS2009_ONT_SHARE_LEVEL1",5,"2009",2009,2009,"Ontario","Share","Annual",TRUE,"Level 1 geography",FALSE
"CCHS2009_ONT_SHARE_LHIN",2,"2009",2009,2009,"Ontario","Share","Annual",TRUE,"LHIN geography",FALSE
"CCHS2010_INC_IMP",9,"2010",2010,2010,"National","Income","Annual",FALSE,"-",FALSE
"CCHS2010_ONT_SHARE",1384,"2010",2010,2010,"Ontario","Share","Annual",FALSE,"-",FALSE
"CCHS2010_ONT_SHARE_BOOT",502,"2010",2010,2010,"Ontario","Share","Annual",FALSE,"-",TRUE
"CCHS2010_ONT_SHARE_BOOT_HH",502,"2010",2010,2010,"Ontario","Share","Annual",TRUE,"Household weights",TRUE
"CCHS2010_ONT_SHARE_BOOT_LHIN",502,"2010",2010,2010,"Ontario","Share","Annual",TRUE,"LHIN geography",TRUE
"CCHS2010_ONT_SHARE_HH",2,"2010",2010,2010,"Ontario","Share","Annual",TRUE,"Household weights",FALSE
"CCHS2010_ONT_SHARE_LEVEL1",5,"2010",2010,2010,"Ontario","Share","Annual",TRUE,"Level 1 geography",FALSE
"CCHS2010_ONT_SHARE_LHIN",2,"2010",2010,2010,"Ontario","Share","Annual",TRUE,"LHIN geography",FALSE
"CCHS201112_CCHS_PUMF",1207,"2011-2012",2011,2012,"National","PUMF","Annual",FALSE,"-",FALSE
"CCHS201112_ONT_LINK",832,"2011-2012",2011,2012,"Ontario","Linked","Annual",FALSE,"-",FALSE
"CCHS201112_ONT_LINK_BOOT",503,"2011-2012",2011,2012,"Ontario","Linked","Annual",FALSE,"-",TRUE
"CCHS201112_ONT_LINK_BOOT_LHIN",503,"2011-2012",2011,2012,"Ontario","Linked","Annual",TRUE,"LHIN geography",TRUE
"CCHS201112_ONT_LINK_LEVEL1",7,"2011-2012",2011,2012,"Ontario","Linked","Annual",TRUE,"Level 1 geography",FALSE
"CCHS201112_ONT_LINK_LHIN",3,"2011-2012",2011,2012,"Ontario","Linked","Annual",TRUE,"LHIN geography",FALSE
"CCHS201112_ONT_SHARE",826,"2011-2012",2011,2012,"Ontario","Share","Annual",FALSE,"-",FALSE
"CCHS201112_ONT_SHARE_BOOT",502,"2011-2012",2011,2012,"Ontario","Share","Annual",FALSE,"-",TRUE
"CCHS201112_ONT_SHARE_BOOT_HH",502,"2011-2012",2011,2012,"Ontario","Share","Annual",TRUE,"Household weights",TRUE
"CCHS201112_ONT_SHARE_BOOT_LHIN",502,"2011-2012",2011,2012,"Ontario","Share","Annual",TRUE,"LHIN geography",TRUE
"CCHS201112_ONT_SHARE_HH",2,"2011-2012",2011,2012,"Ontario","Share","Annual",TRUE,"Household weights",FALSE
"CCHS201112_ONT_SHARE_LEVEL1",5,"2011-2012",2011,2012,"Ontario","Share","Annual",TRUE,"Level 1 geography",FALSE
"CCHS201112_ONT_SHARE_LHIN",2,"2011-2012",2011,2012,"Ontario","Share","Annual",TRUE,"LHIN geography",FALSE
"CCHS2011_ONT_SHARE",885,"2011",2011,2011,"Ontario","Share","Annual",FALSE,"-",FALSE
"CCHS2011_ONT_SHARE_BOOT",502,"2011",2011,2011,"Ontario","Share","Annual",FALSE,"-",TRUE
"CCHS2011_ONT_SHARE_BOOT_HH",502,"2011",2011,2011,"Ontario","Share","Annual",TRUE,"Household weights",TRUE
"CCHS2011_ONT_SHARE_BOOT_LHIN",502,"2011",2011,2011,"Ontario","Share","Annual",TRUE,"LHIN geography",TRUE
"CCHS2011_ONT_SHARE_HH",2,"2011",2011,2011,"Ontario","Share","Annual",TRUE,"Household weights",FALSE
"CCHS2011_ONT_SHARE_LEVEL1",5,"2011",2011,2011,"Ontario","Share","Annual",TRUE,"Level 1 geography",FALSE
"CCHS2011_ONT_SHARE_LHIN",2,"2011",2011,2011,"Ontario","Share","Annual",TRUE,"LHIN geography",FALSE
"CCHS2012_CCHS_PUMF",1381,"2012",2012,2012,"National","PUMF","Annual",FALSE,"-",FALSE
"CCHS2012_MH",1346,"2012",2012,2012,"National","Mental Health","Annual",FALSE,"-",FALSE
"CCHS2012_MH_BOOT",503,"2012",2012,2012,"National","Mental Health","Annual",FALSE,"-",TRUE
"CCHS2012_MH_ONT_LINK",1347,"2012",2012,2012,"Ontario","Linked","Annual",FALSE,"-",FALSE
"CCHS2012_MH_ONT_LINK_BOOT",503,"2012",2012,2012,"Ontario","Linked","Annual",FALSE,"-",TRUE
"CCHS2012_ONT_SHARE",893,"2012",2012,2012,"Ontario","Share","Annual",FALSE,"-",FALSE
"CCHS2012_ONT_SHARE_BOOT",502,"2012",2012,2012,"Ontario","Share","Annual",FALSE,"-",TRUE
"CCHS2012_ONT_SHARE_BOOT_HH",502,"2012",2012,2012,"Ontario","Share","Annual",TRUE,"Household weights",TRUE
"CCHS2012_ONT_SHARE_BOOT_LHIN",502,"2012",2012,2012,"Ontario","Share","Annual",TRUE,"LHIN geography",TRUE
"CCHS2012_ONT_SHARE_HH",2,"2012",2012,2012,"Ontario","Share","Annual",TRUE,"Household weights",FALSE
"CCHS2012_ONT_SHARE_LHIN",2,"2012",2012,2012,"Ontario","Share","Annual",TRUE,"LHIN geography",FALSE
"CCHS201314_CCHS_PUMF",1003,"2013-2014",2013,2014,"National","PUMF","Annual",FALSE,"-",FALSE
"CCHS201314_ONT_LINK",859,"2013-2014",2013,2014,"Ontario","Linked","Annual",FALSE,"-",FALSE
"CCHS201314_ONT_LINK_BOOT",504,"2013-2014",2013,2014,"Ontario","Linked","Annual",FALSE,"-",TRUE
"CCHS201314_ONT_LINK_BOOT_LHIN",504,"2013-2014",2013,2014,"Ontario","Linked","Annual",TRUE,"LHIN geography",TRUE
"CCHS201314_ONT_LINK_LHIN",4,"2013-2014",2013,2014,"Ontario","Linked","Annual",TRUE,"LHIN geography",FALSE
"CCHS201314_ONT_SHARE",852,"2013-2014",2013,2014,"Ontario","Share","Annual",FALSE,"-",FALSE
"CCHS201314_ONT_SHARE_BOOT",502,"2013-2014",2013,2014,"Ontario","Share","Annual",FALSE,"-",TRUE
"CCHS201314_ONT_SHARE_BOOT_HH",502,"2013-2014",2013,2014,"Ontario","Share","Annual",TRUE,"Household weights",TRUE
"CCHS201314_ONT_SHARE_BOOT_LHIN",502,"2013-2014",2013,2014,"Ontario","Share","Annual",TRUE,"LHIN geography",TRUE
"CCHS201314_ONT_SHARE_HH",2,"2013-2014",2013,2014,"Ontario","Share","Annual",TRUE,"Household weights",FALSE
"CCHS201314_ONT_SHARE_LEVEL1",5,"2013-2014",2013,2014,"Ontario","Share","Annual",TRUE,"Level 1 geography",FALSE
"CCHS201314_ONT_SHARE_LHIN",2,"2013-2014",2013,2014,"Ontario","Share","Annual",TRUE,"LHIN geography",FALSE
"CCHS2013_ONT_SHARE",854,"2013",2013,2013,"Ontario","Share","Annual",FALSE,"-",FALSE
"CCHS2013_ONT_SHARE_BOOT",502,"2013",2013,2013,"Ontario","Share","Annual",FALSE,"-",TRUE
"CCHS2013_ONT_SHARE_BOOT_HH",502,"2013",2013,2013,"Ontario","Share","Annual",TRUE,"Household weights",TRUE
"CCHS2013_ONT_SHARE_BOOT_LHIN",502,"2013",2013,2013,"Ontario","Share","Annual",TRUE,"LHIN geography",TRUE
"CCHS2013_ONT_SHARE_HH",2,"2013",2013,2013,"Ontario","Share","Annual",TRUE,"Household weights",FALSE
"CCHS2013_ONT_SHARE_LHIN",2,"2013",2013,2013,"Ontario","Share","Annual",TRUE,"LHIN geography",FALSE
"CCHS2013_ONT_SHARE_PSTLCODE",2,"2013",2013,2013,"Ontario","Share","Annual",TRUE,"Postal code",FALSE
"CCHS2014_CCHS_PUMF",1129,"2014",2014,2014,"National","PUMF","Annual",FALSE,"-",FALSE
"CCHS2014_ONT_SHARE",908,"2014",2014,2014,"Ontario","Share","Annual",FALSE,"-",FALSE
"CCHS2014_ONT_SHARE_BOOT",502,"2014",2014,2014,"Ontario","Share","Annual",FALSE,"-",TRUE
"CCHS2014_ONT_SHARE_BOOT_HH",502,"2014",2014,2014,"Ontario","Share","Annual",TRUE,"Household weights",TRUE
"CCHS2014_ONT_SHARE_BOOT_LHIN",502,"2014",2014,2014,"Ontario","Share","Annual",TRUE,"LHIN geography",TRUE
"CCHS2014_ONT_SHARE_HH",2,"2014",2014,2014,"Ontario","Share","Annual",TRUE,"Household weights",FALSE
"CCHS2014_ONT_SHARE_LEVEL1",5,"2014",2014,2014,"Ontario","Share","Annual",TRUE,"Level 1 geography",FALSE
"CCHS2014_ONT_SHARE_LHIN",2,"2014",2014,2014,"Ontario","Share","Annual",TRUE,"LHIN geography",FALSE
"CCHS201516_LINKED_IKN",3,"2015-2016",2015,2016,"National","Linked","Annual",TRUE,"IKN linkage",FALSE
"CCHS201516_ONT_SHARE",806,"2015-2016",2015,2016,"Ontario","Share","Annual",FALSE,"-",FALSE
"CCHS201516_ONT_SHARE_BOOT",1002,"2015-2016",2015,2016,"Ontario","Share","Annual",FALSE,"-",TRUE
"CCHS201516_ONT_SHARE_BOOT_HH",1002,"2015-2016",2015,2016,"Ontario","Share","Annual",TRUE,"Household weights",TRUE
"CCHS201516_ONT_SHARE_HH",2,"2015-2016",2015,2016,"Ontario","Share","Annual",TRUE,"Household weights",FALSE
"CCHS2015_ONT_SHARE",940,"2015",2015,2015,"Ontario","Share","Annual",FALSE,"-",FALSE
"CCHS2015_ONT_SHARE_BOOT",1002,"2015",2015,2015,"Ontario","Share","Annual",FALSE,"-",TRUE
"CCHS2015_ONT_SHARE_BOOT_HH",1002,"2015",2015,2015,"Ontario","Share","Annual",TRUE,"Household weights",TRUE
"CCHS2015_ONT_SHARE_HH",2,"2015",2015,2015,"Ontario","Share","Annual",TRUE,"Household weights",FALSE
"CCHS2015_RFH_CAN_PC",2,"2015",2015,2015,"Canada","Other","Annual",TRUE,"Rapid Response",FALSE
"CCHS2015_RFH_CAN_SHARE",563,"2015",2015,2015,"Canada","Share","Annual",TRUE,"Rapid Response",FALSE
"CCHS2015_RFH_CAN_SHARE_BOOT",1002,"2015",2015,2015,"Canada","Share","Annual",TRUE,"Rapid Response",TRUE
"CCHS2015_RFH_CAN_SHARE_LEVEL1",4,"2015",2015,2015,"Canada","Share","Annual",TRUE,"Level 1 geography; Rapid Response",FALSE
"CCHS2015_RFH_ONT_SHARE",562,"2015",2015,2015,"Ontario","Share","Annual",TRUE,"Rapid Response",FALSE
"CCHS2015_RFH_ONT_SHARE_BOOT",1002,"2015",2015,2015,"Ontario","Share","Annual",TRUE,"Rapid Response",TRUE
"CCHS2015_RFH_ONT_SHARE_LEVEL1",4,"2015",2015,2015,"Ontario","Share","Annual",TRUE,"Level 1 geography; Rapid Response",FALSE
"CCHS2016_ONT_SHARE",839,"2016",2016,2016,"Ontario","Share","Annual",FALSE,"-",FALSE
"CCHS2016_ONT_SHARE_BOOT",1002,"2016",2016,2016,"Ontario","Share","Annual",FALSE,"-",TRUE
"CCHS2016_ONT_SHARE_BOOT_HH",1002,"2016",2016,2016,"Ontario","Share","Annual",TRUE,"Household weights",TRUE
"CCHS2016_ONT_SHARE_HH",2,"2016",2016,2016,"Ontario","Share","Annual",TRUE,"Household weights",FALSE
"CCHS201718_LINKED_IKN",3,"2017-2018",2017,2018,"National","Linked","Annual",TRUE,"IKN linkage",FALSE
"CCHS201718_ONT_SHARE",783,"2017-2018",2017,2018,"Ontario","Share","Annual",FALSE,"-",FALSE
"CCHS201718_ONT_SHARE_BOOT",1002,"2017-2018",2017,2018,"Ontario","Share","Annual",FALSE,"-",TRUE
"CCHS201718_ONT_SHARE_BOOT_HH",1002,"2017-2018",2017,2018,"Ontario","Share","Annual",TRUE,"Household weights",TRUE
"CCHS201718_ONT_SHARE_HH",2,"2017-2018",2017,2018,"Ontario","Share","Annual",TRUE,"Household weights",FALSE
"CCHS2017_ONT_SHARE",810,"2017",2017,2017,"Ontario","Share","Annual",FALSE,"-",FALSE
"CCHS2017_ONT_SHARE_BOOT",1002,"2017",2017,2017,"Ontario","Share","Annual",FALSE,"-",TRUE
"CCHS2017_ONT_SHARE_BOOT_HH",1002,"2017",2017,2017,"Ontario","Share","Annual",TRUE,"Household weights",TRUE
"CCHS2017_ONT_SHARE_HH",2,"2017",2017,2017,"Ontario","Share","Annual",TRUE,"Household weights",FALSE
"CCHS2018_ONT_SHARE",922,"2018",2018,2018,"Ontario","Share","Annual",FALSE,"-",FALSE
"CCHS2018_ONT_SHARE_BOOT",1002,"2018",2018,2018,"Ontario","Share","Annual",FALSE,"-",TRUE
"CCHS2018_ONT_SHARE_BOOT_HH",1002,"2018",2018,2018,"Ontario","Share","Annual",TRUE,"Household weights",TRUE
"CCHS2018_ONT_SHARE_HH",2,"2018",2018,2018,"Ontario","Share","Annual",TRUE,"Household weights",FALSE
"CCHS201920_INC_ON",28,"2019-2020",2019,2020,"National","Income","Annual",FALSE,"-",FALSE
"CCHS201920_ONT_SHARE",704,"2019-2020",2019,2020,"Ontario","Share","Annual",FALSE,"-",FALSE
"CCHS201920_ONT_SHARE_BOOT",1002,"2019-2020",2019,2020,"Ontario","Share","Annual",FALSE,"-",TRUE
"CCHS201920_ONT_SHARE_BOOT_HH",1002,"2019-2020",2019,2020,"Ontario","Share","Annual",TRUE,"Household weights",TRUE
"CCHS201920_ONT_SHARE_HH",2,"2019-2020",2019,2020,"Ontario","Share","Annual",TRUE,"Household weights",FALSE
"CCHS2019_INC_ON",28,"2019",2019,2019,"National","Income","Annual",FALSE,"-",FALSE
"CCHS2019_ONT_SHARE",1237,"2019",2019,2019,"Ontario","Share","Annual",FALSE,"-",FALSE
"CCHS2019_ONT_SHARE_BOOT",1002,"2019",2019,2019,"Ontario","Share","Annual",FALSE,"-",TRUE
"CCHS2019_ONT_SHARE_BOOT_HH",1002,"2019",2019,2019,"Ontario","Share","Annual",TRUE,"Household weights",TRUE
"CCHS2019_ONT_SHARE_HH",2,"2019",2019,2019,"Ontario","Share","Annual",TRUE,"Household weights",FALSE
"CCHS2020_INC_ON",28,"2020",2020,2020,"National","Income","Annual",FALSE,"-",FALSE
"CCHS2020_ONT_SHARE",894,"2020",2020,2020,"Ontario","Share","Annual",FALSE,"-",FALSE
"CCHS2020_ONT_SHARE_BOOT",1002,"2020",2020,2020,"Ontario","Share","Annual",FALSE,"-",TRUE
"CCHS2020_ONT_SHARE_BOOT_HH",1002,"2020",2020,2020,"Ontario","Share","Annual",TRUE,"Household weights",TRUE
"CCHS2020_ONT_SHARE_HH",2,"2020",2020,2020,"Ontario","Share","Annual",TRUE,"Household weights",FALSE
"CCHS2021_ONT_SHARE",689,"2021",2021,2021,"Ontario","Share","Annual",FALSE,"-",FALSE
"CCHS2021_ONT_SHARE_BOOT",1003,"2021",2021,2021,"Ontario","Share","Annual",FALSE,"-",TRUE
"CCHS2021_ONT_SHARE_BOOT_HH",1002,"2021",2021,2021,"Ontario","Share","Annual",TRUE,"Household weights",TRUE
"CCHS2021_ONT_SHARE_HH",2,"2021",2021,2021,"Ontario","Share","Annual",TRUE,"Household weights",FALSE
