"cchs_uid","derived_from","canonical_filename","category","year","temporal_type","doc_type","language","file_extension","local_path","source_pdf_path","source_pdf_checksum","extraction_date","extraction_script","extraction_version","variables_count","modules_count","questions_count","sections_count","tables_count","file_size","status"
"cchs-2001d-s-dd-e-yaml-01","cchs-2001d-s-dd-en-pdf-01","cchs_2001d_dd_s_en_1_v1.yaml","data-dictionary","2000-2001","dual","share","EN","yaml","cchs-extracted/data-dictionary/2000-2001/cchs_2001d_dd_s_en_1_v1.yaml","cchs-pumf-docs/CCHS-share/CCHS_DataDictionary/CCHS-share_1.1_2000_01_Data_Dictionary_Freqs.pdf","e412ba2618c6b1da5438f8ed95d0de19f6b28bfc3795f1ab647ccae0b12c4b7c","2025-12-27","extract_data_dictionary.R","1.1.0",1092,,,,,990531,"extracted"
"cchs-2001s-m-dd-e-yaml-01","cchs-2001s-m-dd-en-pdf-01","cchs_2001s_dd_m_en_1_v1.yaml","data-dictionary","2001","single","master","EN","yaml","cchs-extracted/data-dictionary/2001/cchs_2001s_dd_m_en_1_v1.yaml","cchs-osf-docs/2001/1.1/Master/Docs/English Data Dictionary (Freqs).pdf","eac610b85c15aa1e5278b1540b94ee926255d4d7d06c86994b7b912c0e447b93","2025-12-28","extract_data_dictionary.R","1.1.0",1097,,,,,1031138,"extracted"
"cchs-2001s-p-dd-e-yaml-01","cchs-2001s-p-dd-en-pdf-01","cchs_2001s_dd_p_en_1_v1.yaml","data-dictionary","2001","single","pumf","EN","yaml","cchs-extracted/data-dictionary/2001/cchs_2001s_dd_p_en_1_v1.yaml","cchs-pumf-docs/CCHS-PUMF/CCHS_data_dictionary/2001cchsdictionary.pdf","212581177024cc045d1e8851145bb8d7da08b594ed2d3a3df26e887e5219ed2c","2025-12-27","extract_data_dictionary.R","1.1.0",614,,,,,549684,"extracted"
"cchs-2003s-m-dd-e-yaml-03","cchs-2003s-m-dd-en-pdf-03","cchs_2003s_dd_m_en_1_v1.yaml","data-dictionary","2003","single","master","EN","yaml","cchs-extracted/data-dictionary/2003/cchs_2003s_dd_m_en_1_v1.yaml","cchs-osf-docs/2003/2.1/Master/Docs/June 2004/English Data Dictionary (Freqs).pdf","9783484f5e93288b93324bb49e04730f5816ebb4c0de144a34270c39850ce6e0","2025-12-28","extract_data_dictionary.R","1.1.0",1993,,,,,1868273,"extracted"
"cchs-2003s-p-dd-e-yaml-01","cchs-2003s-p-dd-en-pdf-01","cchs_2003s_dd_p_en_1_v1.yaml","data-dictionary","2003","single","pumf","EN","yaml","cchs-extracted/data-dictionary/2003/cchs_2003s_dd_p_en_1_v1.yaml","cchs-pumf-docs/CCHS-PUMF/CCHS_data_dictionary/2003cchsdictionary.pdf","463b42e29d34dee93942a2ccb412866200d5ee4d99d34d7b94138f685e76be85","2025-12-27","extract_data_dictionary.R","1.1.0",1068,,,,,1003667,"extracted"
"cchs-2005s-m-dd-e-yaml-01","cchs-2005s-m-dd-en-pdf-01","cchs_2005s_dd_m_en_1_v1.yaml","data-dictionary","2005","single","master","EN","yaml","cchs-extracted/data-dictionary/2005/cchs_2005s_dd_m_en_1_v1.yaml","cchs-osf-docs/2005/3.1/Master/Docs/English Data Dictionary (Freqs).pdf","1eebd6e7e75b1e4860f46e410b20eb496441a253a30c75d890e2c1d76d89bc96","2025-12-28","extract_data_dictionary.R","1.1.0",1893,,,,,1797647,"extracted"
"cchs-2005s-p-dd-e-yaml-01","cchs-2005s-p-dd-en-pdf-01","cchs_2005s_dd_p_en_1_v1.yaml","data-dictionary","2005","single","pumf","EN","yaml","cchs-extracted/data-dictionary/2005/cchs_2005s_dd_p_en_1_v1.yaml","cchs-pumf-docs/CCHS-PUMF/CCHS_data_dictionary/2005cchsdictionary.pdf","1c38f118033a0f19274f0f2e01ed463fd1426047d2683ba8bf02eb8cafd68610","2025-12-27","extract_data_dictionary.R","1.1.0",1258,,,,,1124256,"extracted"
"cchs-2007d-p-dd-e-yaml-01","cchs-2007d-p-dd-en-pdf-01","cchs_2007d_dd_p_en_1_v1.yaml","data-dictionary","2007-2008","dual","pumf","EN","yaml","cchs-extracted/data-dictionary/2007-2008/cchs_2007d_dd_p_en_1_v1.yaml","cchs-pumf-docs/CCHS-PUMF/CCHS_data_dictionary/2007-2008datadictionary.pdf","ae6bf552d73f906544a46090c1ac9edfc70ac84d8cf1ddf0c8cd59cc306305f5","2025-12-27","extract_data_dictionary.R","1.1.0",1820,,,,,1725116,"extracted"
"cchs-2007d-m-dd-e-yaml-01","cchs-2007d-m-dd-en-pdf-01","cchs_2007d_dd_m_en_1_v1.yaml","data-dictionary","2007","dual","master","EN","yaml","cchs-extracted/data-dictionary/2007/cchs_2007d_dd_m_en_1_v1.yaml","cchs-osf-docs/2007/24-Month/Master/Docs/CCHS_2007-2008_DataDictionary_Freq.pdf","acfc697e75f372b7361caa142570e7ad79c75aa5cc3b577207697a1c641d8694","2025-12-28","extract_data_dictionary.R","1.1.0",1820,,,,,1750301,"extracted"
"cchs-2009d-p-dd-e-yaml-01","cchs-2009d-p-dd-en-pdf-01","cchs_2009d_dd_p_en_1_v1.yaml","data-dictionary","2009-2010","dual","pumf","EN","yaml","cchs-extracted/data-dictionary/2009-2010/cchs_2009d_dd_p_en_1_v1.yaml","cchs-pumf-docs/CCHS-PUMF/CCHS_data_dictionary/2009-2010datadictionary.pdf","3b0b08ea08b018d6ae3f7cf4f65b3e1ca2b982eaf8371a4abde8a6c7c11a2ebe","2025-12-27","extract_data_dictionary.R","1.1.0",1254,,,,,1167698,"extracted"
"cchs-2009s-m-dd-e-yaml-01","cchs-2009s-m-dd-en-pdf-01","cchs_2009s_dd_m_en_1_v1.yaml","data-dictionary","2009","single","master","EN","yaml","cchs-extracted/data-dictionary/2009/cchs_2009s_dd_m_en_1_v1.yaml","cchs-osf-docs/2009/12-Month/Master/Docs/CCHS_2009_DataDictionary_Freq.pdf","3f0dc666fa96ed7fc6668517bb4d7bd655b587642f1c9d9b2d3aa8c45195f3ea","2025-12-28","extract_data_dictionary.R","1.1.0",1845,,,,,1735894,"extracted"
"cchs-2009s-s-dd-e-yaml-01","cchs-2009s-s-dd-en-pdf-01","cchs_2009s_dd_s_en_1_v1.yaml","data-dictionary","2009","single","share","EN","yaml","cchs-extracted/data-dictionary/2009/cchs_2009s_dd_s_en_1_v1.yaml","cchs-pumf-docs/CCHS-share/CCHS_DataDictionary/CCHS-share_2009_ DataDictionary_Freq.pdf","a2b826536d7aa8f940165220f190dff5b8c331d8e5231e1b64acf875558b81bf","2025-12-27","extract_data_dictionary.R","1.1.0",1845,,,,,1717240,"extracted"
"cchs-2010s-m-dd-e-yaml-01","cchs-2010s-m-dd-en-pdf-01","cchs_2010s_dd_m_en_1_v1.yaml","data-dictionary","2010","single","master","EN","yaml","cchs-extracted/data-dictionary/2010/cchs_2010s_dd_m_en_1_v1.yaml","cchs-osf-docs/2010/12-Month/Master/Docs/CCHS_2010_DataDictionary_Freqs.pdf","480896e925753e95cdc7cba14e66eadcc138a10d5ab1011fba50473747460a6d","2025-12-28","extract_data_dictionary.R","1.1.0",1955,,,,,1856653,"extracted"
"cchs-2010s-p-dd-e-yaml-01","cchs-2010s-p-dd-en-pdf-01","cchs_2010s_dd_p_en_1_v1.yaml","data-dictionary","2010","single","pumf","EN","yaml","cchs-extracted/data-dictionary/2010/cchs_2010s_dd_p_en_1_v1.yaml","cchs-pumf-docs/CCHS-PUMF/CCHS_data_dictionary/2010datadictionary.pdf","7e7a57423ea5e91fdd00d4869a13d00e74f64432c5bd242caee4a4e361c4b5b8","2025-12-27","extract_data_dictionary.R","1.1.0",1325,,,,,1218354,"extracted"
"cchs-2010s-s-dd-e-yaml-01","cchs-2010s-s-dd-en-pdf-01","cchs_2010s_dd_s_en_1_v1.yaml","data-dictionary","2010","single","share","EN","yaml","cchs-extracted/data-dictionary/2010/cchs_2010s_dd_s_en_1_v1.yaml","cchs-pumf-docs/CCHS-share/CCHS_DataDictionary/CCHS_2010_DataDictionary_Freqs.pdf","12f44fb4510a2c67a7aab3d89b827a0ce3df962fb3c2d263f94bd6a3da6e6461","2025-12-27","extract_data_dictionary.R","1.1.0",1955,,,,,1825169,"extracted"
"cchs-2011d-p-dd-e-yaml-01","cchs-2011d-p-dd-en-pdf-01","cchs_2011d_dd_p_en_1_v1.yaml","data-dictionary","2011-2012","dual","pumf","EN","yaml","cchs-extracted/data-dictionary/2011-2012/cchs_2011d_dd_p_en_1_v1.yaml","cchs-pumf-docs/CCHS-PUMF/CCHS_data_dictionary/2011-2012cchsdictionary.pdf","98dd6d54e050e7b6766b6b827bbc5e6739114da74e3b327e2c4d39c15d869f06","2025-12-27","extract_data_dictionary.R","1.1.0",1207,,,,,1112378,"extracted"
"cchs-2011s-m-dd-e-yaml-01","cchs-2011s-m-dd-en-pdf-01","cchs_2011s_dd_m_en_1_v1.yaml","data-dictionary","2011","single","master","EN","yaml","cchs-extracted/data-dictionary/2011/cchs_2011s_dd_m_en_1_v1.yaml","cchs-osf-docs/2011/12-Month/Master/Docs/CCHS_2011_DataDictionary_Freqs.pdf","f101c452036758a64bd782169dd822109405b368ef0074ff32d03e7a609ddd0d","2025-12-28","extract_data_dictionary.R","1.1.0",1718,,,,,1657593,"extracted"
"cchs-2012s-m-dd-e-yaml-01","cchs-2012s-m-dd-en-pdf-01","cchs_2012s_dd_m_en_1_v1.yaml","data-dictionary","2012","single","master","EN","yaml","cchs-extracted/data-dictionary/2012/cchs_2012s_dd_m_en_1_v1.yaml","cchs-osf-docs/2012/12-Month/Master/Docs/CCHS_2012_DataDictionary_Freqs.pdf","4bb83ffc8c69fbb143952cda6713d9e681ede6b231cdd0e9ce9242a61e2c1c0c","2025-12-28","extract_data_dictionary.R","1.1.0",1815,,,,,1750921,"extracted"
"cchs-2012s-p-dd-e-yaml-01","cchs-2012s-p-dd-en-pdf-01","cchs_2012s_dd_p_en_1_v1.yaml","data-dictionary","2012","single","pumf","EN","yaml","cchs-extracted/data-dictionary/2012/cchs_2012s_dd_p_en_1_v1.yaml","cchs-pumf-docs/CCHS-PUMF/CCHS_data_dictionary/2012datadictionary.pdf","7f663df9c7d13cd2f91235121e2338e69d4ff35fd7e1b2ec62271b991ad1a6e7","2025-12-27","extract_data_dictionary.R","1.1.0",1381,,,,,1240203,"extracted"
"cchs-2012s-s-dd-e-yaml-01","cchs-2012s-s-dd-en-pdf-01","cchs_2012s_dd_s_en_1_v1.yaml","data-dictionary","2012","single","share","EN","yaml","cchs-extracted/data-dictionary/2012/cchs_2012s_dd_s_en_1_v1.yaml","cchs-pumf-docs/CCHS-share/CCHS_DataDictionary/CCHS_2012_Data_Dictionary(rounded_frequencies).pdf","63518b0d180441aab520fc557c1bb7d26cc0823398d58e898d0aeb9568521506","2025-12-27","extract_data_dictionary.R","1.1.0",1815,,,,,1723045,"extracted"
"cchs-2013d-p-dd-e-yaml-01","cchs-2013d-p-dd-en-pdf-01","cchs_2013d_dd_p_en_1_v1.yaml","data-dictionary","2013-2014","dual","pumf","EN","yaml","cchs-extracted/data-dictionary/2013-2014/cchs_2013d_dd_p_en_1_v1.yaml","cchs-pumf-docs/CCHS-PUMF/CCHS_data_dictionary/2013-2014dictionary.pdf","b5f620875c5753a952dd0915f404f2024ddea02a7eb2ab902797bb7e3a76e1ba","2025-12-27","extract_data_dictionary.R","1.1.0",1003,,,,,909824,"extracted"
"cchs-2013s-m-dd-e-yaml-01","cchs-2013s-m-dd-en-pdf-01","cchs_2013s_dd_m_en_1_v1.yaml","data-dictionary","2013","single","master","EN","yaml","cchs-extracted/data-dictionary/2013/cchs_2013s_dd_m_en_1_v1.yaml","cchs-osf-docs/2013/12-Month/Master/Docs/CCHS_2013_DataDictionary_Freqs.pdf","a946e45aa0eecb7215a17293da870deec872d834ccd03e9e52c10c7ca7a3ab58","2025-12-28","extract_data_dictionary.R","1.1.0",1662,,,,,1612842,"extracted"
"cchs-2014s-m-dd-e-yaml-01","cchs-2014s-m-dd-en-pdf-01","cchs_2014s_dd_m_en_1_v1.yaml","data-dictionary","2014","single","master","EN","yaml","cchs-extracted/data-dictionary/2014/cchs_2014s_dd_m_en_1_v1.yaml","cchs-osf-docs/2014/12-Month/Master/Docs/CCHS_2014_DataDictionary_Freqs.pdf","25acb9898b40690b40bdd4f4177768f6749de44ad1ac3eb0921d32f50dd8c75f","2025-12-28","extract_data_dictionary.R","1.1.0",1747,,,,,1688163,"extracted"
"cchs-2014s-p-dd-e-yaml-01","cchs-2014s-p-dd-en-pdf-01","cchs_2014s_dd_p_en_1_v1.yaml","data-dictionary","2014","single","pumf","EN","yaml","cchs-extracted/data-dictionary/2014/cchs_2014s_dd_p_en_1_v1.yaml","cchs-pumf-docs/CCHS-PUMF/CCHS_data_dictionary/2014datadictionary.pdf","4035dc015395bb2a15534baa1671118ba5e377ad00ad5cdd5ab05a3414747d75","2025-12-27","extract_data_dictionary.R","1.1.0",1129,,,,,1000366,"extracted"
"cchs-2015d-p-dd-e-yaml-01","cchs-2015d-p-dd-en-pdf-01","cchs_2015d_dd_p_en_1_v1.yaml","data-dictionary","2015-2016","dual","pumf","EN","yaml","cchs-extracted/data-dictionary/2015-2016/cchs_2015d_dd_p_en_1_v1.yaml","cchs-pumf-docs/CCHS-PUMF/CCHS_data_dictionary/2015_2016PUMFDataDictionary.pdf","92f7cd0df65f476107bc938ef5d39f53de79ee1a22b010463e6dc56dd1a279a1","2025-12-27","extract_data_dictionary.R","1.1.0",639,,,,,675708,"extracted"
"cchs-2015s-m-dd-e-yaml-01","cchs-2015s-m-dd-en-pdf-01","cchs_2015s_dd_m_en_1_v1.yaml","data-dictionary","2015","single","master","EN","yaml","cchs-extracted/data-dictionary/2015/cchs_2015s_dd_m_en_1_v1.yaml","cchs-osf-docs/2015/12-Month/Master/Docs/CCHS_2015_DataDictionary_Freqs.pdf","680e4beb8e2d22a0e38e61cfab553db96856b8dfc49b29c14799bd46347af849","2025-12-28","extract_data_dictionary.R","1.1.0",1686,,,,,1867787,"extracted"
"cchs-2016s-m-dd-e-yaml-01","cchs-2016s-m-dd-en-pdf-01","cchs_2016s_dd_m_en_1_v1.yaml","data-dictionary","2016","single","master","EN","yaml","cchs-extracted/data-dictionary/2016/cchs_2016s_dd_m_en_1_v1.yaml","cchs-osf-docs/2016/12-Month/Master/Docs/CCHS_2016_DataDictionary_Freqs.pdf","6d2a525a30fb6ef08895fa823d65f61c9d6634cc1ee539eeb52b03203eb5960b","2025-12-28","extract_data_dictionary.R","1.1.0",1594,,,,,1769402,"extracted"
"cchs-2017d-p-dd-e-yaml-01","cchs-2017d-p-dd-en-pdf-01","cchs_2017d_dd_p_en_1_v1.yaml","data-dictionary","2017-2018","dual","pumf","EN","yaml","cchs-extracted/data-dictionary/2017-2018/cchs_2017d_dd_p_en_1_v1.yaml","cchs-pumf-docs/CCHS-PUMF/CCHS_data_dictionary/2017-2018PUMFDataDictionary.pdf","5013d607bcfb505aa953234ba78c96927269a5d5ac49fe7a5191189a6969c58c","2025-12-27","extract_data_dictionary.R","1.1.0",520,,,,,551317,"extracted"
"cchs-2017s-m-dd-e-yaml-01","cchs-2017s-m-dd-en-pdf-01","cchs_2017s_dd_m_en_1_v1.yaml","data-dictionary","2017","single","master","EN","yaml","cchs-extracted/data-dictionary/2017/cchs_2017s_dd_m_en_1_v1.yaml","cchs-osf-docs/2017/12-Month/Master/Docs/CCHS_2017_DataDictionary_Freqs.pdf","b3da51a59a076317b1b212b9a32de12d3e145c39efe9c8d53e933a41db585da5","2025-12-28","extract_data_dictionary.R","1.1.0",1314,,,,,1467687,"extracted"
"cchs-2018s-m-dd-e-yaml-01","cchs-2018s-m-dd-en-pdf-01","cchs_2018s_dd_m_en_1_v1.yaml","data-dictionary","2018","single","master","EN","yaml","cchs-extracted/data-dictionary/2018/cchs_2018s_dd_m_en_1_v1.yaml","cchs-osf-docs/2018/12-Month/Master/Docs/CCHS_2018_DataDictionary_Freqs.pdf","be907e7b83ea9111698f9557a847df28f74bc3a66d3e039aef866c7de8dcd40c","2025-12-28","extract_data_dictionary.R","1.1.0",1387,,,,,1561193,"extracted"
"cchs-2019s-m-dd-e-yaml-01","cchs-2019s-m-dd-en-pdf-01","cchs_2019s_dd_m_en_1_v1.yaml","data-dictionary","2019","single","master","EN","yaml","cchs-extracted/data-dictionary/2019/cchs_2019s_dd_m_en_1_v1.yaml","cchs-osf-docs/2019/12-Month/Master/Docs/CCHS_2019_DataDictionary_Freqs.pdf","5ec9263dcdfa95956cda9f73a9119cde731e3355e3d9813da6a6c048c907442e","2025-12-28","extract_data_dictionary.R","1.1.0",1290,,,,,1495708,"extracted"
"cchs-2020s-m-dd-e-yaml-01","cchs-2020s-m-dd-en-pdf-01","cchs_2020s_dd_m_en_1_v1.yaml","data-dictionary","2020","single","master","EN","yaml","cchs-extracted/data-dictionary/2020/cchs_2020s_dd_m_en_1_v1.yaml","cchs-osf-docs/2020/12-Month/Master/Docs/CCHS_2020_DataDictionary_Freqs.pdf","7dbfecbefbc301b690ea2d218645654fb32c329166fa8eb286ae2fe0cf10c791","2025-12-28","extract_data_dictionary.R","1.1.0",1333,,,,,1508355,"extracted"
"cchs-2021s-m-dd-e-yaml-01","cchs-2021s-m-dd-en-pdf-01","cchs_2021s_dd_m_en_1_v1.yaml","data-dictionary","2021","single","master","EN","yaml","cchs-extracted/data-dictionary/2021/cchs_2021s_dd_m_en_1_v1.yaml","cchs-osf-docs/2021/12-Month/Master/Docs/CCHS_2021_DataDictionary_Freqs.pdf","767be1d350b7d1e289951b9a46436a07cf9f38ac7c07cb38ffe1db6f84bfaf44","2025-12-28","extract_data_dictionary.R","1.1.0",742,,,,,876360,"extracted"
"cchs-2022s-m-dd-e-yaml-01","cchs-2022s-m-dd-en-pdf-01","cchs_2022s_dd_m_en_1_v1.yaml","data-dictionary","2022","single","master","EN","yaml","cchs-extracted/data-dictionary/2022/cchs_2022s_dd_m_en_1_v1.yaml","cchs-osf-docs/2022/12-Month/Master/Docs/CCHS_2022_DataDictionary_Freqs.pdf","5441e42959cfb5850e9548238314fca870bd44ca00e163bb240219875f38c65d","2025-12-28","extract_data_dictionary.R","1.1.0",628,,,,,613602,"extracted"
"cchs-2023s-m-dd-e-yaml-01","cchs-2023s-m-dd-en-pdf-01","cchs_2023s_dd_m_en_1_v1.yaml","data-dictionary","2023","single","master","EN","yaml","cchs-extracted/data-dictionary/2023/cchs_2023s_dd_m_en_1_v1.yaml","cchs-osf-docs/2023/12-Month/Master/Docs/CCHS_2023_DataDictionary_Freqs.pdf","cff50b892d85625dae7257e95e10068db673cb46df9fc574486cede38b8254b0","2025-12-28","extract_data_dictionary.R","1.1.0",709,,,,,723228,"extracted"
"cchs-2001s-m-dv-e-yaml-03","cchs-2001s-m-dv-en-pdf-03","cchs_2001s_dv_m_en_1_v1.yaml","derived-variables","2001","single","master","EN","yaml","cchs-extracted/derived-variables/2001/cchs_2001s_dv_m_en_1_v1.yaml","cchs-osf-docs/2001/1.1/Master/Docs/DVDOC F_MASTER.pdf","1b8e5e20e2c3fad75fa8eb9b9ef228aa0b125b62dd30f83718019eac42b04da6","2025-12-28","extract_derived_variables.R","1.0.0",0,0,,,,626,"extracted"
"cchs-2001s-p-dv-e-yaml-01","cchs-2001s-p-dv-en-pdf-01","cchs_2001s_dv_p_en_1_v1.yaml","derived-variables","2001","single","pumf","EN","yaml","cchs-extracted/derived-variables/2001/cchs_2001s_dv_p_en_1_v1.yaml","cchs-pumf-docs/CCHS-PUMF/CCHS_derived_variables/2001derivedvariables.pdf","dd8d3066e315b10f18583dd4cf753df2bf29a604d3a85b88b0d857a66485865a","2025-12-27","extract_derived_variables.R","1.0.0",109,0,,,,145513,"extracted"
"cchs-2003s-m-dv-e-yaml-05","cchs-2003s-m-dv-en-pdf-05","cchs_2003s_dv_m_en_1_v1.yaml","derived-variables","2003","single","master","EN","yaml","cchs-extracted/derived-variables/2003/cchs_2003s_dv_m_en_1_v1.yaml","cchs-osf-docs/2003/2.1/Master/Docs/June 2004/DvDoc_French.pdf","7bd3f6813b3b64c1ab859016823406d6efb2db086f3a882288eae624ec07dfef","2025-12-28","extract_derived_variables.R","1.0.0",0,0,,,,633,"extracted"
"cchs-2003s-p-dv-e-yaml-01","cchs-2003s-p-dv-en-pdf-01","cchs_2003s_dv_p_en_1_v1.yaml","derived-variables","2003","single","pumf","EN","yaml","cchs-extracted/derived-variables/2003/cchs_2003s_dv_p_en_1_v1.yaml","cchs-pumf-docs/CCHS-PUMF/CCHS_derived_variables/2003cchsderivedvariables.pdf","02887f1d2f9aa7e808ea8d6329c93573289122a85dd4b93d4a300b41ed697e9c","2025-12-27","extract_derived_variables.R","1.0.0",177,0,,,,230421,"extracted"
"cchs-2005s-m-dv-e-yaml-03","cchs-2005s-m-dv-en-pdf-03","cchs_2005s_dv_m_en_1_v1.yaml","derived-variables","2005","single","master","EN","yaml","cchs-extracted/derived-variables/2005/cchs_2005s_dv_m_en_1_v1.yaml","cchs-osf-docs/2005/3.1/Master/Docs/DV-INC_E.pdf","a3cf346199a22bf8f9d6dc7ecc5f4cc65c720d39ecef3e453b605a7084cffc50","2025-12-28","extract_derived_variables.R","1.0.0",3,0,,,,4891,"extracted"
"cchs-2005s-p-dv-e-yaml-01","cchs-2005s-p-dv-en-pdf-01","cchs_2005s_dv_p_en_1_v1.yaml","derived-variables","2005","single","pumf","EN","yaml","cchs-extracted/derived-variables/2005/cchs_2005s_dv_p_en_1_v1.yaml","cchs-pumf-docs/CCHS-PUMF/CCHS_derived_variables/2005derivedvariables.pdf","839dd8ce1f1fdc6a16a33e7856595b5de0a8799b2142b24cd5f58c81b6980b91","2025-12-27","extract_derived_variables.R","1.0.0",247,0,,,,410970,"extracted"
"cchs-2007d-p-dv-e-yaml-01","cchs-2007d-p-dv-en-pdf-01","cchs_2007d_dv_p_en_1_v1.yaml","derived-variables","2007-2008","dual","pumf","EN","yaml","cchs-extracted/derived-variables/2007-2008/cchs_2007d_dv_p_en_1_v1.yaml","cchs-pumf-docs/CCHS-PUMF/CCHS_derived_variables/2007-2008derivedvariables.pdf","94ff67d33ccb9bbc8adf31d449184e8570e1f90a2e357c5180dc1753d665b1c0","2025-12-27","extract_derived_variables.R","1.0.0",182,10,,,,468184,"extracted"
"cchs-2007d-m-dv-e-yaml-01","cchs-2007d-m-dv-en-pdf-01","cchs_2007d_dv_m_en_1_v1.yaml","derived-variables","2007","dual","master","EN","yaml","cchs-extracted/derived-variables/2007/cchs_2007d_dv_m_en_1_v1.yaml","cchs-osf-docs/2007/24-Month/Master/Docs/CCHS_2007-2008_Derived_Variables.pdf","94ff67d33ccb9bbc8adf31d449184e8570e1f90a2e357c5180dc1753d665b1c0","2025-12-28","extract_derived_variables.R","1.0.0",182,10,,,,482809,"extracted"
"cchs-2009d-p-dv-e-yaml-01","cchs-2009d-p-dv-en-pdf-01","cchs_2009d_dv_p_en_1_v1.yaml","derived-variables","2009-2010","dual","pumf","EN","yaml","cchs-extracted/derived-variables/2009-2010/cchs_2009d_dv_p_en_1_v1.yaml","cchs-pumf-docs/CCHS-PUMF/CCHS_derived_variables/2009-2010derivedvariables.pdf","aeaa087420ec3d61e45c826b05491a54d1b5f2e42953249c0cb7dca0c4fa39eb","2025-12-27","extract_derived_variables.R","1.0.0",182,12,,,,394779,"extracted"
"cchs-2009s-m-dv-e-yaml-02","cchs-2009s-m-dv-en-pdf-02","cchs_2009s_dv_m_en_1_v1.yaml","derived-variables","2009","single","master","EN","yaml","cchs-extracted/derived-variables/2009/cchs_2009s_dv_m_en_1_v1.yaml","cchs-osf-docs/2009/12-Month/Master/Docs/CCHS_2009_Derived_Variables.pdf","7c4d48083a8a9390428befb687ee3dd707470de02302547ed25298a61339bea6","2025-12-28","extract_derived_variables.R","1.0.0",186,11,,,,475369,"extracted"
"cchs-2010s-m-dv-e-yaml-01","cchs-2010s-m-dv-en-pdf-01","cchs_2010s_dv_m_en_1_v1.yaml","derived-variables","2010","single","master","EN","yaml","cchs-extracted/derived-variables/2010/cchs_2010s_dv_m_en_1_v1.yaml","cchs-osf-docs/2010/12-Month/Master/Docs/CCHS_2010_Derived_Variables.pdf","587fe078be440fc96089f3af6e7e0aac8a255dc0ebe38f5664ba5e607c2c96ce","2025-12-28","extract_derived_variables.R","1.0.0",226,11,,,,528426,"extracted"
"cchs-2010s-p-dv-e-yaml-01","cchs-2010s-p-dv-en-pdf-01","cchs_2010s_dv_p_en_1_v1.yaml","derived-variables","2010","single","pumf","EN","yaml","cchs-extracted/derived-variables/2010/cchs_2010s_dv_p_en_1_v1.yaml","cchs-pumf-docs/CCHS-PUMF/CCHS_derived_variables/2010derivedvariables.pdf","ab59a15f0745ee70cbcdb1b76ae06c323a74df94a22be935561fb90099d5fe49","2025-12-27","extract_derived_variables.R","1.0.0",195,12,,,,408121,"extracted"
"cchs-2011d-p-dv-e-yaml-01","cchs-2011d-p-dv-en-pdf-01","cchs_2011d_dv_p_en_1_v1.yaml","derived-variables","2011-2012","dual","pumf","EN","yaml","cchs-extracted/derived-variables/2011-2012/cchs_2011d_dv_p_en_1_v1.yaml","cchs-pumf-docs/CCHS-PUMF/CCHS_derived_variables/2011-2012derivedvariables.pdf","b3186784efff42253ffc282b7524fb84bcd572f05873933c435647e9e4c2f6ba","2025-12-27","extract_derived_variables.R","1.0.0",162,41,,,,350218,"extracted"
"cchs-2011s-m-dv-e-yaml-01","cchs-2011s-m-dv-en-pdf-01","cchs_2011s_dv_m_en_1_v1.yaml","derived-variables","2011","single","master","EN","yaml","cchs-extracted/derived-variables/2011/cchs_2011s_dv_m_en_1_v1.yaml","cchs-osf-docs/2011/12-Month/Master/Docs/CCHS_2011_Derived_Variables.pdf","10c3f48c9f6a1eac24d9164eb3a87d0158a88680319bf45888bd059d2838820e","2025-12-28","extract_derived_variables.R","1.0.0",215,41,,,,501027,"extracted"
"cchs-2012s-m-dv-e-yaml-01","cchs-2012s-m-dv-en-pdf-01","cchs_2012s_dv_m_en_1_v1.yaml","derived-variables","2012","single","master","EN","yaml","cchs-extracted/derived-variables/2012/cchs_2012s_dv_m_en_1_v1.yaml","cchs-osf-docs/2012/12-Month/Master/Docs/CCHS_2012_Derived_Variables.pdf","16aa5ab9989a4f1b33223327ecec7f46f4a77cd67213e51b46f300b6f24193d6","2025-12-28","extract_derived_variables.R","1.0.0",177,40,,,,464219,"extracted"
"cchs-2012s-p-dv-e-yaml-01","cchs-2012s-p-dv-en-pdf-01","cchs_2012s_dv_p_en_1_v1.yaml","derived-variables","2012","single","pumf","EN","yaml","cchs-extracted/derived-variables/2012/cchs_2012s_dv_p_en_1_v1.yaml","cchs-pumf-docs/CCHS-PUMF/CCHS_derived_variables/2012derivedvariables.pdf","5c42a1b1fa398b1e955d3bc12226cfa894fad5f1f33bb761af1ed38d9969b14c","2025-12-27","extract_derived_variables.R","1.0.0",180,44,,,,382042,"extracted"
"cchs-2013d-p-dv-e-yaml-01","cchs-2013d-p-dv-en-pdf-01","cchs_2013d_dv_p_en_1_v1.yaml","derived-variables","2013-2014","dual","pumf","EN","yaml","cchs-extracted/derived-variables/2013-2014/cchs_2013d_dv_p_en_1_v1.yaml","cchs-pumf-docs/CCHS-PUMF/CCHS_derived_variables/2013-2014derivedvariables.pdf","c13d100c9e559b7bbea8a51835e680af3300ee0e7b21358f9386a27face97e19","2025-12-27","extract_derived_variables.R","1.0.0",223,46,,,,388254,"extracted"
"cchs-2013s-m-dv-e-yaml-02","cchs-2013s-m-dv-en-pdf-02","cchs_2013s_dv_m_en_1_v1.yaml","derived-variables","2013","single","master","EN","yaml","cchs-extracted/derived-variables/2013/cchs_2013s_dv_m_en_1_v1.yaml","cchs-osf-docs/2013/12-Month/Master/Docs/Sub-sample/CCHS_2013_Derived Variables_Sub-sample.pdf","007d1edface33264557cf73f491653673a8480122516cb0f4ddc233e70c9ad93","2025-12-28","extract_derived_variables.R","1.0.0",116,22,,,,321593,"extracted"
"cchs-2014s-m-dv-e-yaml-01","cchs-2014s-m-dv-en-pdf-01","cchs_2014s_dv_m_en_1_v1.yaml","derived-variables","2014","single","master","EN","yaml","cchs-extracted/derived-variables/2014/cchs_2014s_dv_m_en_1_v1.yaml","cchs-osf-docs/2014/12-Month/Master/Docs/CCHS_2014_Derived_Variables.pdf","bbebc6a9248970e7ac351c99476fe5725911a3e951633f9d3c278a13e67ee666","2025-12-28","extract_derived_variables.R","1.0.0",188,41,,,,494206,"extracted"
"cchs-2014s-p-dv-e-yaml-01","cchs-2014s-p-dv-en-pdf-01","cchs_2014s_dv_p_en_1_v1.yaml","derived-variables","2014","single","pumf","EN","yaml","cchs-extracted/derived-variables/2014/cchs_2014s_dv_p_en_1_v1.yaml","cchs-pumf-docs/CCHS-PUMF/CCHS_derived_variables/2014derivedvariables.pdf","8b227324c240e43c0ad6ace87126c1c51fccecec5febaa31052141a04196291e","2025-12-27","extract_derived_variables.R","1.0.0",250,47,,,,419643,"extracted"
"cchs-2015d-p-dv-e-yaml-01","cchs-2015d-p-dv-en-pdf-01","cchs_2015d_dv_p_en_1_v1.yaml","derived-variables","2015-2016","dual","pumf","EN","yaml","cchs-extracted/derived-variables/2015-2016/cchs_2015d_dv_p_en_1_v1.yaml","cchs-pumf-docs/CCHS-PUMF/CCHS_derived_variables/2015_2016derivedvariables.pdf","03b72388e21460b36d465fa3d75bbbd8bbcba4d32407bf0482ade071dfdd64ff","2025-12-27","extract_derived_variables.R","1.0.0",253,44,,,,461055,"extracted"
"cchs-2015s-m-dv-e-yaml-01","cchs-2015s-m-dv-en-pdf-01","cchs_2015s_dv_m_en_1_v1.yaml","derived-variables","2015","single","master","EN","yaml","cchs-extracted/derived-variables/2015/cchs_2015s_dv_m_en_1_v1.yaml","cchs-osf-docs/2015/12-Month/Master/Docs/CCHS_2015_Derived_variables.pdf","cc4472a167950070be43a87609455b1a6dfb49464a1b2f0c9eb31a9d91da6b01","2025-12-28","extract_derived_variables.R","1.0.0",211,37,,,,514149,"extracted"
"cchs-2016s-m-dv-e-yaml-01","cchs-2016s-m-dv-en-pdf-01","cchs_2016s_dv_m_en_1_v1.yaml","derived-variables","2016","single","master","EN","yaml","cchs-extracted/derived-variables/2016/cchs_2016s_dv_m_en_1_v1.yaml","cchs-osf-docs/2016/12-Month/Master/Docs/CCHS_2016_Derived_Variables.pdf","6c48396d4abe6c519e9818211ee6e18c8a56c3750d56bc9e1c0688705d71533c","2025-12-28","extract_derived_variables.R","1.0.0",196,34,,,,474668,"extracted"
"cchs-2017d-p-dv-e-yaml-01","cchs-2017d-p-dv-en-pdf-01","cchs_2017d_dv_p_en_1_v1.yaml","derived-variables","2017-2018","dual","pumf","EN","yaml","cchs-extracted/derived-variables/2017-2018/cchs_2017d_dv_p_en_1_v1.yaml","cchs-pumf-docs/CCHS-PUMF/CCHS_derived_variables/2017-2018derivedvariables.pdf","8193d4e2cab69e4c48c5b32fc221d0168c67872d4f4650432c4debe9a488c3ff","2025-12-27","extract_derived_variables.R","1.0.0",205,43,,,,381328,"extracted"
"cchs-2017s-m-dv-e-yaml-01","cchs-2017s-m-dv-en-pdf-01","cchs_2017s_dv_m_en_1_v1.yaml","derived-variables","2017","single","master","EN","yaml","cchs-extracted/derived-variables/2017/cchs_2017s_dv_m_en_1_v1.yaml","cchs-osf-docs/2017/12-Month/Master/Docs/CCHS_2017_Derived_Variables.pdf","375338f193f2328beb990bffd5371d0c53a479d773e12d0e5a88f07f32220365","2025-12-28","extract_derived_variables.R","1.0.0",176,28,,,,434291,"extracted"
"cchs-2018s-m-dv-e-yaml-01","cchs-2018s-m-dv-en-pdf-01","cchs_2018s_dv_m_en_1_v1.yaml","derived-variables","2018","single","master","EN","yaml","cchs-extracted/derived-variables/2018/cchs_2018s_dv_m_en_1_v1.yaml","cchs-osf-docs/2018/12-Month/Master/Docs/CCHS_2018_Derived_Variables.pdf","c0da71cf78e9af68f0bb656023c27c66735ba0077605d2a0a20481af6c696e74","2025-12-28","extract_derived_variables.R","1.0.0",176,29,,,,459875,"extracted"
"cchs-2019s-m-dv-e-yaml-01","cchs-2019s-m-dv-en-pdf-01","cchs_2019s_dv_m_en_1_v1.yaml","derived-variables","2019","single","master","EN","yaml","cchs-extracted/derived-variables/2019/cchs_2019s_dv_m_en_1_v1.yaml","cchs-osf-docs/2019/12-Month/Master/Docs/CCHS_2019_Derived_Variables.pdf","5da0e180bf826e204da790842bf19af59418482bbd982c49fc9821ff6c159a3c","2025-12-28","extract_derived_variables.R","1.0.0",181,28,,,,462767,"extracted"
"cchs-2020s-m-dv-e-yaml-01","cchs-2020s-m-dv-en-pdf-01","cchs_2020s_dv_m_en_1_v1.yaml","derived-variables","2020","single","master","EN","yaml","cchs-extracted/derived-variables/2020/cchs_2020s_dv_m_en_1_v1.yaml","cchs-osf-docs/2020/12-Month/Master/Docs/CCHS_2020_Derived_Variables.pdf","977d13fe9ba017b1412fbfa3f7d956936baee546c01ef2f67bcf6623602b9c56","2025-12-28","extract_derived_variables.R","1.0.0",184,28,,,,468738,"extracted"
"cchs-2021s-m-dv-e-yaml-01","cchs-2021s-m-dv-en-pdf-01","cchs_2021s_dv_m_en_1_v1.yaml","derived-variables","2021","single","master","EN","yaml","cchs-extracted/derived-variables/2021/cchs_2021s_dv_m_en_1_v1.yaml","cchs-osf-docs/2021/12-Month/Master/Docs/CCHS_2021_Derived_Variables.pdf","d5532f989d276d81f68059f0fcc4d027547e58503ef7ceb9ea070880d085c3aa","2025-12-28","extract_derived_variables.R","1.0.0",157,21,,,,367094,"extracted"
"cchs-2022s-m-dv-e-yaml-01","cchs-2022s-m-dv-en-pdf-01","cchs_2022s_dv_m_en_1_v1.yaml","derived-variables","2022","single","master","EN","yaml","cchs-extracted/derived-variables/2022/cchs_2022s_dv_m_en_1_v1.yaml","cchs-osf-docs/2022/12-Month/Master/Docs/CCHS_2022_Derived_Variables.pdf","92784fb731f735cfd3b4e187dff39fd2e5a1d5f6681be2e30931f4f498ba07a8","2025-12-28","extract_derived_variables.R","1.0.0",106,19,,,,230285,"extracted"
"cchs-2023s-m-dv-e-yaml-01","cchs-2023s-m-dv-en-pdf-01","cchs_2023s_dv_m_en_1_v1.yaml","derived-variables","2023","single","master","EN","yaml","cchs-extracted/derived-variables/2023/cchs_2023s_dv_m_en_1_v1.yaml","cchs-osf-docs/2023/12-Month/Master/Docs/CCHS_2023_Derived_Variables.pdf","3a442a84064a8f9ae3dbaf8e125168f56c3269b2179ea61ebc11a241b2c9b9a5","2025-12-28","extract_derived_variables.R","1.0.0",129,6,,,,213532,"extracted"
"cchs-2001s-m-qu-e-yaml-01","cchs-2001s-m-qu-en-pdf-01","cchs_2001s_qu_m_en_1_v1.yaml","questionnaire","2001","single","master","EN","yaml","cchs-extracted/questionnaire/2001/cchs_2001s_qu_m_en_1_v1.yaml","cchs-osf-docs/2001/1.1/Master/Docs/CCHS 1.1 household questionnaire_e.pdf","e9bb37219b5bdd4eafcc24ca85b66379aed2a528a984a50c0a37e01cee3bc8a8","2025-12-28","extract_questionnaire.R","1.0.0",,,17,0,,11531,"extracted"
"cchs-2003s-m-qu-e-yaml-05","cchs-2003s-m-qu-en-pdf-05","cchs_2003s_qu_m_en_1_v1.yaml","questionnaire","2003","single","master","EN","yaml","cchs-extracted/questionnaire/2003/cchs_2003s_qu_m_en_1_v1.yaml","cchs-osf-docs/2003/2.1/Master/Docs/June 2004/English_Household questionnaire.pdf","ad2fb125e89cca9f97c737e38e0825fa22d0ac79bd8b6a6de2ce9c17b1ad69a1","2025-12-28","extract_questionnaire.R","1.0.0",,,17,0,,11477,"extracted"
"cchs-2005s-m-qu-e-yaml-02","cchs-2005s-m-qu-en-pdf-02","cchs_2005s_qu_m_en_1_v1.yaml","questionnaire","2005","single","master","EN","yaml","cchs-extracted/questionnaire/2005/cchs_2005s_qu_m_en_1_v1.yaml","cchs-osf-docs/2005/3.1/Master/Docs/CCHS Cycle 3.1 French Questionnaire.pdf","62a9918ead7297aecd82bad6bfd7fc1f1988d84ef807dd5a8c9235fa9d1c051e","2025-12-28","extract_questionnaire.R","1.0.0",,,2210,0,,914621,"extracted"
"cchs-2007d-m-qu-e-yaml-01","cchs-2007d-m-qu-en-pdf-01","cchs_2007d_qu_m_en_1_v1.yaml","questionnaire","2007","dual","master","EN","yaml","cchs-extracted/questionnaire/2007/cchs_2007d_qu_m_en_1_v1.yaml","cchs-osf-docs/2007/24-Month/Master/Docs/CCHS_2008_Questionnaire.pdf","b1d3233579d6efc64cff13329f922c288202759fa3c9bcd4a4bd29a88ff62519","2025-12-28","extract_questionnaire.R","1.0.0",,,1927,50,,869252,"extracted"
"cchs-2009s-m-qu-e-yaml-01","cchs-2009s-m-qu-en-pdf-01","cchs_2009s_qu_m_en_1_v1.yaml","questionnaire","2009","single","master","EN","yaml","cchs-extracted/questionnaire/2009/cchs_2009s_qu_m_en_1_v1.yaml","cchs-osf-docs/2009/12-Month/Master/Docs/CCHS_2009_Questionnaire.pdf","77d898be759b829e32e2bf78caca65d53456816382f84d82dcedc9ed074e096d","2025-12-28","extract_questionnaire.R","1.0.0",,,2249,92,,1016675,"extracted"
"cchs-2010s-m-qu-e-yaml-01","cchs-2010s-m-qu-en-pdf-01","cchs_2010s_qu_m_en_1_v1.yaml","questionnaire","2010","single","master","EN","yaml","cchs-extracted/questionnaire/2010/cchs_2010s_qu_m_en_1_v1.yaml","cchs-osf-docs/2010/12-Month/Master/Docs/CCHS_2010_Questionnaire.pdf","15352a6551d6f306a354e58f974ba3b2c06725ae401147f3278625784f002861","2025-12-28","extract_questionnaire.R","1.0.0",,,2862,98,,1237356,"extracted"
"cchs-2011s-m-qu-e-yaml-01","cchs-2011s-m-qu-en-pdf-01","cchs_2011s_qu_m_en_1_v1.yaml","questionnaire","2011","single","master","EN","yaml","cchs-extracted/questionnaire/2011/cchs_2011s_qu_m_en_1_v1.yaml","cchs-osf-docs/2011/12-Month/Master/Docs/CCHS_2011_Questionnaire.pdf","2098f11ee2d1f5533463736f41cdf8ef2b4a46c221fa083bffd3276e7778a46e","2025-12-28","extract_questionnaire.R","1.0.0",,,2720,103,,1147606,"extracted"
"cchs-2012s-m-qu-e-yaml-01","cchs-2012s-m-qu-en-pdf-01","cchs_2012s_qu_m_en_1_v1.yaml","questionnaire","2012","single","master","EN","yaml","cchs-extracted/questionnaire/2012/cchs_2012s_qu_m_en_1_v1.yaml","cchs-osf-docs/2012/12-Month/Master/Docs/CCHS_2012_Questionnaire.pdf","bab6adb274d91397eed85f5a6adf82237175b5f0604a326ead23b835b907a9a4","2025-12-28","extract_questionnaire.R","1.0.0",,,2338,134,,1024236,"extracted"
"cchs-2013s-m-qu-e-yaml-01","cchs-2013s-m-qu-en-pdf-01","cchs_2013s_qu_m_en_1_v1.yaml","questionnaire","2013","single","master","EN","yaml","cchs-extracted/questionnaire/2013/cchs_2013s_qu_m_en_1_v1.yaml","cchs-osf-docs/2013/12-Month/Master/Docs/CCHS_2013_Questionnaire.pdf","755e3de2290f987140e346537dfc2eb81fc08fa9976c9fcafe929d07ed03c53d","2025-12-28","extract_questionnaire.R","1.0.0",,,2367,129,,1049531,"extracted"
"cchs-2014s-m-qu-e-yaml-01","cchs-2014s-m-qu-en-pdf-01","cchs_2014s_qu_m_en_1_v1.yaml","questionnaire","2014","single","master","EN","yaml","cchs-extracted/questionnaire/2014/cchs_2014s_qu_m_en_1_v1.yaml","cchs-osf-docs/2014/12-Month/Master/Docs/CCHS_2014_Questionnaire.pdf","fe47e18559cafa81e4bb2893c78f4ab27b70fec45907d95cc8b774ae359babfc","2025-12-28","extract_questionnaire.R","1.0.0",,,2320,129,,1025841,"extracted"
"cchs-2015s-m-qu-e-yaml-01","cchs-2015s-m-qu-en-pdf-01","cchs_2015s_qu_m_en_1_v1.yaml","questionnaire","2015","single","master","EN","yaml","cchs-extracted/questionnaire/2015/cchs_2015s_qu_m_en_1_v1.yaml","cchs-osf-docs/2015/12-Month/Master/Docs/CCHS_2015_Questionnaire.pdf","d8cc30ebd783db26160088ad6bb103a5f54a7716edd9bf8f1671f24449f08f18","2025-12-28","extract_questionnaire.R","1.0.0",,,3328,143,,1555472,"extracted"
"cchs-2016s-m-qu-e-yaml-01","cchs-2016s-m-qu-en-pdf-01","cchs_2016s_qu_m_en_1_v1.yaml","questionnaire","2016","single","master","EN","yaml","cchs-extracted/questionnaire/2016/cchs_2016s_qu_m_en_1_v1.yaml","cchs-osf-docs/2016/12-Month/Master/Docs/CCHS_2016_Questionnaire.pdf","f8792239b8da16d6d5fee892cab9757126c811768114c80e299a5dd8b1a721bb","2025-12-28","extract_questionnaire.R","1.0.0",,,3307,141,,1545873,"extracted"
"cchs-2017s-m-qu-e-yaml-01","cchs-2017s-m-qu-en-pdf-01","cchs_2017s_qu_m_en_1_v1.yaml","questionnaire","2017","single","master","EN","yaml","cchs-extracted/questionnaire/2017/cchs_2017s_qu_m_en_1_v1.yaml","cchs-osf-docs/2017/12-Month/Master/Docs/CCHS_2017_Questionnaire.pdf","fcbde4486b960a5bdb0544e2ba863c1c78794f0a38fca5cfb91ae9d40f83ba30","2025-12-28","extract_questionnaire.R","1.0.0",,,2540,128,,1177880,"extracted"
"cchs-2018s-m-qu-e-yaml-01","cchs-2018s-m-qu-en-pdf-01","cchs_2018s_qu_m_en_1_v1.yaml","questionnaire","2018","single","master","EN","yaml","cchs-extracted/questionnaire/2018/cchs_2018s_qu_m_en_1_v1.yaml","cchs-osf-docs/2018/12-Month/Master/Docs/CCHS_2018_Questionnaire.pdf","d12ed9a860911d6d151a596ec748e61eba8cbf9cab8139de2e5bdc9682305fd3","2025-12-28","extract_questionnaire.R","1.0.0",,,2604,132,,1217015,"extracted"
"cchs-2019s-m-qu-e-yaml-01","cchs-2019s-m-qu-en-pdf-01","cchs_2019s_qu_m_en_1_v1.yaml","questionnaire","2019","single","master","EN","yaml","cchs-extracted/questionnaire/2019/cchs_2019s_qu_m_en_1_v1.yaml","cchs-osf-docs/2019/12-Month/Master/Docs/CCHS_2019_Questionnaire.pdf","e6af4c7da8adc9db7ff8cc753f677ec6af4984eb777a0728be4bd76d4dd288be","2025-12-28","extract_questionnaire.R","1.0.0",,,2421,129,,1155814,"extracted"
"cchs-2020s-m-qu-e-yaml-01","cchs-2020s-m-qu-en-pdf-01","cchs_2020s_qu_m_en_1_v1.yaml","questionnaire","2020","single","master","EN","yaml","cchs-extracted/questionnaire/2020/cchs_2020s_qu_m_en_1_v1.yaml","cchs-osf-docs/2020/12-Month/Master/Docs/CCHS_2020_Questionnaire.pdf","87823201025f1bcd853f1c3cd14ab3a02a8df0124e46468b53af84ecb3cbe317","2025-12-28","extract_questionnaire.R","1.0.0",,,2483,129,,1185692,"extracted"
"cchs-2021s-m-qu-e-yaml-01","cchs-2021s-m-qu-en-pdf-01","cchs_2021s_qu_m_en_1_v1.yaml","questionnaire","2021","single","master","EN","yaml","cchs-extracted/questionnaire/2021/cchs_2021s_qu_m_en_1_v1.yaml","cchs-osf-docs/2021/12-Month/Master/Docs/CCHS_2021_Questionnaire.pdf","25acfa39e4a510789b55654b66b1e17b126719fcc97821abe2e0c155abda8722","2025-12-28","extract_questionnaire.R","1.0.0",,,903,321,,507703,"extracted"
"cchs-2022s-m-qu-e-yaml-01","cchs-2022s-m-qu-en-pdf-01","cchs_2022s_qu_m_en_1_v1.yaml","questionnaire","2022","single","master","EN","yaml","cchs-extracted/questionnaire/2022/cchs_2022s_qu_m_en_1_v1.yaml","cchs-osf-docs/2022/12-Month/Master/Docs/CCHS_2022_Questionnaire.pdf","56304c9ee67552aaea237558f8ecfc173f431953c39b786cad265d1c2550978c","2025-12-28","extract_questionnaire.R","1.0.0",,,1021,281,,463191,"extracted"
"cchs-2023s-m-qu-e-yaml-01","cchs-2023s-m-qu-en-pdf-01","cchs_2023s_qu_m_en_1_v1.yaml","questionnaire","2023","single","master","EN","yaml","cchs-extracted/questionnaire/2023/cchs_2023s_qu_m_en_1_v1.yaml","cchs-osf-docs/2023/12-Month/Master/Docs/CCHS_2023_Questionnaire.pdf","7c6f27087016fbee45850b59cc5757ebe5ce474e06eb2d42ba6b655df0289668","2025-12-28","extract_questionnaire.R","1.0.0",,,1255,96,,641580,"extracted"
"cchs-2001d-s-ug-en-pdf-01",,"cchs_2001d_ug_s_en_1_v1.qmd","user-guide","2000-2001","dual","share","EN","qmd","cchs-extracted/user-guide/2000-2001/cchs_2001d_ug_s_en_1_v1.qmd","cchs-pumf-docs/CCHS-share/CCHS_UserGuide/CCHS 1.1 User Guide.pdf","c446f3e88db8f9fe63c78eee408476b60242899fb944c1952825f05fe2e84879","2025-12-27","extract_user_guide.R","1.0.0",,,,183,,144777,"extracted"
"cchs-2001s-m-ug-e-qmd-01","cchs-2001s-m-ug-en-pdf-01","cchs_2001s_ug_m_en_1_v1.qmd","user-guide","2001","single","master","EN","qmd","cchs-extracted/user-guide/2001/cchs_2001s_ug_m_en_1_v1.qmd","cchs-osf-docs/2001/1.1/Master/Docs/User_Guide_Eng.pdf","3e4a13116c148890fefd0c1bc6bde61612d4d40d3f71f48332a7ad11f8395178","2025-12-28","extract_user_guide.py","1.0.0",,,,93,8,159613,"extracted"
"cchs-2003s-m-ug-e-qmd-02","cchs-2003s-m-ug-en-pdf-02","cchs_2003s_ug_m_en_1_v1.qmd","user-guide","2003","single","master","EN","qmd","cchs-extracted/user-guide/2003/cchs_2003s_ug_m_en_1_v1.qmd","cchs-osf-docs/2003/2.1/Master/Docs/User_Guide_Fra.pdf","81970885a8fd9f644f2475e54db5ff73da06f95f8364b0318fd1c790302d3db5","2025-12-28","extract_user_guide.py","1.0.0",,,,49,5,192668,"extracted"
"cchs-2003s-s-ug-en-pdf-01",,"cchs_2003s_ug_s_en_1_v1.qmd","user-guide","2003","single","share","EN","qmd","cchs-extracted/user-guide/2003/cchs_2003s_ug_s_en_1_v1.qmd","cchs-pumf-docs/CCHS-share/CCHS_UserGuide/CCHS 2.1 User Guide.pdf","f05357973fac33420f7522c9e76e5dd38681e085b74bc1ce2b72a98499145a4f","2025-12-27","extract_user_guide.R","1.0.0",,,,161,,139059,"extracted"
"cchs-2005s-m-ug-e-qmd-01","cchs-2005s-m-ug-en-pdf-01","cchs_2005s_ug_m_en_1_v1.qmd","user-guide","2005","single","master","EN","qmd","cchs-extracted/user-guide/2005/cchs_2005s_ug_m_en_1_v1.qmd","cchs-osf-docs/2005/3.1/Master/Docs/CCHS 3.1 UserGuide_e.pdf","22f3bf767ac46d3982a26ebe5095bf0099978bd384c58155fdfc834fab89e863","2025-12-28","extract_user_guide.py","1.0.0",,,,76,20,188248,"extracted"
"cchs-2007d-m-ug-e-qmd-01","cchs-2007d-m-ug-en-pdf-01","cchs_2007d_ug_m_en_1_v1.qmd","user-guide","2007","dual","master","EN","qmd","cchs-extracted/user-guide/2007/cchs_2007d_ug_m_en_1_v1.qmd","cchs-osf-docs/2007/24-Month/Master/Docs/CCHS_2007-2008_User_Guide.pdf","51212cfec49d9b4c9292896653bf9126f26a665aba561d865080c62bdc16eb6b","2025-12-28","extract_user_guide.py","1.0.0",,,,77,11,159342,"extracted"
"cchs-2009d-p-ug-en-pdf-01",,"cchs_2009d_ug_p_en_1_v1.qmd","user-guide","2009-2010","dual","pumf","EN","qmd","cchs-extracted/user-guide/2009-2010/cchs_2009d_ug_p_en_1_v1.qmd","cchs-pumf-docs/CCHS-PUMF/CCHS_user_guide/CCHS PUMF User Guide 2009-2010 & 2010.pdf","981c4d7a49d16a9c0f2a3638622221e8a963e1aafcf4fcc5334b1dad6c352395","2025-12-27","extract_user_guide.R","1.0.0",,,,165,,188030,"extracted"
"cchs-2009d-s-ug-en-pdf-01",,"cchs_2009d_ug_s_en_1_v1.qmd","user-guide","2009-2010","dual","share","EN","qmd","cchs-extracted/user-guide/2009-2010/cchs_2009d_ug_s_en_1_v1.qmd","cchs-pumf-docs/CCHS-share/CCHS_UserGuide/CCHS 2010 and 2009-10 user file/CCHS_2010_2009-2010_User_Guide.pdf","981c4d7a49d16a9c0f2a3638622221e8a963e1aafcf4fcc5334b1dad6c352395","2025-12-27","extract_user_guide.R","1.0.0",,,,165,,188045,"extracted"
"cchs-2009s-m-ug-e-qmd-01","cchs-2009s-m-ug-en-pdf-01","cchs_2009s_ug_m_en_1_v1.qmd","user-guide","2009","single","master","EN","qmd","cchs-extracted/user-guide/2009/cchs_2009s_ug_m_en_1_v1.qmd","cchs-osf-docs/2009/12-Month/Master/Docs/CCHS_2009_User_Guide.pdf","75f9eecc232a6d67833b2007b7b09025b3576c6adbbe3d148a23ad901ac26b58","2025-12-28","extract_user_guide.py","1.0.0",,,,83,12,168743,"extracted"
"cchs-2010s-m-ug-e-qmd-01","cchs-2010s-m-ug-en-pdf-01","cchs_2010s_ug_m_en_1_v1.qmd","user-guide","2010","single","master","EN","qmd","cchs-extracted/user-guide/2010/cchs_2010s_ug_m_en_1_v1.qmd","cchs-osf-docs/2010/12-Month/Master/Docs/CCHS_2010_2009-2010_User_Guide.pdf","981c4d7a49d16a9c0f2a3638622221e8a963e1aafcf4fcc5334b1dad6c352395","2025-12-28","extract_user_guide.py","1.0.0",,,,90,10,191030,"extracted"
"cchs-2011d-p-ug-en-pdf-01",,"cchs_2011d_ug_p_en_1_v1.qmd","user-guide","2011-2012","dual","pumf","EN","qmd","cchs-extracted/user-guide/2011-2012/cchs_2011d_ug_p_en_1_v1.qmd","cchs-pumf-docs/CCHS-PUMF/CCHS_user_guide/CCHS PUMF User Guide 2011-2012 & 2012.pdf","9b3a62d21d9c64fb3bf1b3aa637f2d5ad77ebe9fcb1528422483bfe3dfd2a319","2025-12-27","extract_user_guide.R","1.0.0",,,,169,,186569,"extracted"
"cchs-2011d-s-ug-en-pdf-01",,"cchs_2011d_ug_s_en_1_v1.qmd","user-guide","2011-2012","dual","share","EN","qmd","cchs-extracted/user-guide/2011-2012/cchs_2011d_ug_s_en_1_v1.qmd","cchs-pumf-docs/CCHS-share/CCHS_UserGuide/CCHS_2012_2011-2012_User_Guide.pdf","8b60babed8079819fc90b4fb1e5cfa3a152416c1cf909692d6c443416b488c57","2025-12-27","extract_user_guide.R","1.0.0",,,,169,,186551,"extracted"
"cchs-2011s-m-ug-e-qmd-01","cchs-2011s-m-ug-en-pdf-01","cchs_2011s_ug_m_en_1_v1.qmd","user-guide","2011","single","master","EN","qmd","cchs-extracted/user-guide/2011/cchs_2011s_ug_m_en_1_v1.qmd","cchs-osf-docs/2011/12-Month/Master/Docs/CCHS_2011_User_Guide.pdf","4e412352c8c99ca94901cb6f219ff933499c6ea6c6ce54b2458bca49402768ad","2025-12-28","extract_user_guide.py","1.0.0",,,,90,13,176709,"extracted"
"cchs-2012s-m-ug-e-qmd-01","cchs-2012s-m-ug-en-pdf-01","cchs_2012s_ug_m_en_1_v1.qmd","user-guide","2012","single","master","EN","qmd","cchs-extracted/user-guide/2012/cchs_2012s_ug_m_en_1_v1.qmd","cchs-osf-docs/2012/12-Month/Master/Docs/CCHS_2012_User_Guide.pdf","8b60babed8079819fc90b4fb1e5cfa3a152416c1cf909692d6c443416b488c57","2025-12-28","extract_user_guide.py","1.0.0",,,,93,11,189545,"extracted"
"cchs-2013d-p-ug-en-pdf-01",,"cchs_2013d_ug_p_en_1_v1.qmd","user-guide","2013-2014","dual","pumf","EN","qmd","cchs-extracted/user-guide/2013-2014/cchs_2013d_ug_p_en_1_v1.qmd","cchs-pumf-docs/CCHS-PUMF/CCHS_user_guide/CCHS PUMF User Guide 2013-2014 & 2014.pdf","f5a92ea1525bafc5227b021a5bbc463367bcffbb3248c9f813164f2359fea02f","2025-12-27","extract_user_guide.R","1.0.0",,,,169,,190511,"extracted"
"cchs-2013s-m-ug-e-qmd-01","cchs-2013s-m-ug-en-pdf-01","cchs_2013s_ug_m_en_1_v1.qmd","user-guide","2013","single","master","EN","qmd","cchs-extracted/user-guide/2013/cchs_2013s_ug_m_en_1_v1.qmd","cchs-osf-docs/2013/12-Month/Master/Docs/CCHS_2013_User_Guide.pdf","23f66eeda7f5cd4049e917fdaf76d1008e6cd8de3c0573cda8623a31d6216cfd","2025-12-28","extract_user_guide.py","1.0.0",,,,91,13,180003,"extracted"
"cchs-2014s-m-ug-e-qmd-01","cchs-2014s-m-ug-en-pdf-01","cchs_2014s_ug_m_en_1_v1.qmd","user-guide","2014","single","master","EN","qmd","cchs-extracted/user-guide/2014/cchs_2014s_ug_m_en_1_v1.qmd","cchs-osf-docs/2014/12-Month/Master/Docs/CCHS_2014_User_Guide.pdf","f5a92ea1525bafc5227b021a5bbc463367bcffbb3248c9f813164f2359fea02f","2025-12-28","extract_user_guide.py","1.0.0",,,,94,11,195449,"extracted"
"cchs-2015d-p-ug-en-pdf-01",,"cchs_2015d_ug_p_en_1_v1.qmd","user-guide","2015-2016","dual","pumf","EN","qmd","cchs-extracted/user-guide/2015-2016/cchs_2015d_ug_p_en_1_v1.qmd","cchs-pumf-docs/CCHS-PUMF/CCHS_user_guide/CCHS PUMF User Guide 2015-2016.pdf","a6a153da80aa509fbd8bef3e20714f737db151dfbf59610e67d63a239e5c5f39","2025-12-27","extract_user_guide.R","1.0.0",,,,178,,173850,"extracted"
"cchs-2015s-m-ug-e-qmd-01","cchs-2015s-m-ug-en-pdf-01","cchs_2015s_ug_m_en_1_v1.qmd","user-guide","2015","single","master","EN","qmd","cchs-extracted/user-guide/2015/cchs_2015s_ug_m_en_1_v1.qmd","cchs-osf-docs/2015/12-Month/Master/Docs/CCHS_2015_User_Guide.pdf","02d750d687ea89cafbf3e20e70a477c711764afd02a062448e814dd03edb5f06","2025-12-28","extract_user_guide.py","1.0.0",,,,87,8,155781,"extracted"
"cchs-2016s-m-ug-e-qmd-01","cchs-2016s-m-ug-en-pdf-01","cchs_2016s_ug_m_en_1_v1.qmd","user-guide","2016","single","master","EN","qmd","cchs-extracted/user-guide/2016/cchs_2016s_ug_m_en_1_v1.qmd","cchs-osf-docs/2016/12-Month/Master/Docs/CCHS_2016_User_Guide.pdf","3f1ff244d316e50b18b9beaba3d09eea31963d3126fd349e5e15a982919390d0","2025-12-28","extract_user_guide.py","1.0.0",,,,95,7,170084,"extracted"
"cchs-2017s-m-ug-e-qmd-01","cchs-2017s-m-ug-en-pdf-01","cchs_2017s_ug_m_en_1_v1.qmd","user-guide","2017","single","master","EN","qmd","cchs-extracted/user-guide/2017/cchs_2017s_ug_m_en_1_v1.qmd","cchs-osf-docs/2017/12-Month/Master/Docs/CCHS_2017_User_Guide.pdf","a5d65b5176715f2fbeafed168a05f9e497ae55368c0949ced43121623a715897","2025-12-28","extract_user_guide.py","1.0.0",,,,86,7,163548,"extracted"
"cchs-2018s-m-ug-e-qmd-01","cchs-2018s-m-ug-en-pdf-01","cchs_2018s_ug_m_en_1_v1.qmd","user-guide","2018","single","master","EN","qmd","cchs-extracted/user-guide/2018/cchs_2018s_ug_m_en_1_v1.qmd","cchs-osf-docs/2018/12-Month/Master/Docs/CCHS_2018_User_Guide.pdf","51dc33c5b6ab93755288df38831b11dbf75d70e99952bdea86066c49161a5fac","2025-12-28","extract_user_guide.py","1.0.0",,,,92,8,172191,"extracted"
"cchs-2019s-m-ug-e-qmd-01","cchs-2019s-m-ug-en-pdf-01","cchs_2019s_ug_m_en_1_v1.qmd","user-guide","2019","single","master","EN","qmd","cchs-extracted/user-guide/2019/cchs_2019s_ug_m_en_1_v1.qmd","cchs-osf-docs/2019/12-Month/Master/Docs/CCHS_2019_User_Guide.pdf","6522ab794796ff9b0cb993208a7f852392ad6c27b7d2a8ac8d877f01854c6173","2025-12-28","extract_user_guide.py","1.0.0",,,,90,10,171195,"extracted"
"cchs-2020s-m-ug-e-qmd-01","cchs-2020s-m-ug-en-pdf-01","cchs_2020s_ug_m_en_1_v1.qmd","user-guide","2020","single","master","EN","qmd","cchs-extracted/user-guide/2020/cchs_2020s_ug_m_en_1_v1.qmd","cchs-osf-docs/2020/12-Month/Master/Docs/CCHS_2020_User_Guide.pdf","fcb8e1a06bf66faa2ce45e14cbfba14034c880942f0906dd96f0c022bfc56ac5","2025-12-28","extract_user_guide.py","1.0.0",,,,104,8,177679,"extracted"
"cchs-2021s-m-ug-e-qmd-01","cchs-2021s-m-ug-en-pdf-01","cchs_2021s_ug_m_en_1_v1.qmd","user-guide","2021","single","master","EN","qmd","cchs-extracted/user-guide/2021/cchs_2021s_ug_m_en_1_v1.qmd","cchs-osf-docs/2021/12-Month/Master/Docs/CCHS_2021_User_Guide.pdf","d59bc8af692fd586afd6f20b36e3d4a34a380b4de7198d308079fc7bb9ee91c1","2025-12-28","extract_user_guide.py","1.0.0",,,,92,7,141031,"extracted"
"cchs-2022s-m-ug-e-qmd-01","cchs-2022s-m-ug-en-pdf-01","cchs_2022s_ug_m_en_1_v1.qmd","user-guide","2022","single","master","EN","qmd","cchs-extracted/user-guide/2022/cchs_2022s_ug_m_en_1_v1.qmd","cchs-osf-docs/2022/12-Month/Master/Docs/CCHS_2022_User_Guide.pdf","4c82864bd060e31dcb6ef163871e85c70a3fa4e30abe4f8bde8f24f6b3e60848","2025-12-28","extract_user_guide.py","1.0.0",,,,106,8,176779,"extracted"
"cchs-2023s-m-ug-e-qmd-01","cchs-2023s-m-ug-en-pdf-01","cchs_2023s_ug_m_en_1_v1.qmd","user-guide","2023","single","master","EN","qmd","cchs-extracted/user-guide/2023/cchs_2023s_ug_m_en_1_v1.qmd","cchs-osf-docs/2023/12-Month/Master/Docs/CCHS_2023_User_Guide.pdf","db3596d97fab8b22ca8c8c3c5471b1de08310e9fbc8de1f0b27170bfe6fb6701","2025-12-28","extract_user_guide.py","1.0.0",,,,103,4,155072,"extracted"
